Phylum	Class	Order	Family	Subfamily	Genus	Scientific Name	tax_count	Species	BOLD Name
Arthropoda	Insecta	Diptera	Acroceridae	Acrocerinae	Ogcodes	Ogcodes dispar	1	dispar	Ogcodes dispar
Arthropoda	Insecta	Diptera	Acroceridae	Acrocerinae	Turbopsebius	Turbopsebius brunnipennis	1	brunnipennis	Turbopsebius brunnipennis
Arthropoda	Insecta	Diptera	Acroceridae	Panopinae	Apsona	Apsona muscaria	1	muscaria	Apsona muscaria
Arthropoda	Insecta	Diptera	Acroceridae	Philopotinae	Megalybus	Megalybus pictus	1	pictus	Megalybus pictus
Arthropoda	Insecta	Diptera	Anthomyiidae	Anthomyiinae	Lasiomma	Lasiomma collini	1	collini	Lasiomma collini
Arthropoda	Insecta	Diptera	Asilidae	Asilinae	Antipalus	Antipalus varipes	1	varipes	Antipalus varipes
Arthropoda	Insecta	Diptera	Asilidae	Asilinae	Astochia	Astochia jayarami	1	jayarami	Astochia jayarami
Arthropoda	Insecta	Diptera	Asilidae	Asilinae	Cratopoda	Cratopoda helix	1	helix	Cratopoda helix
Arthropoda	Insecta	Diptera	Asilidae	Asilinae	Ctenodontina	Ctenodontina sp.	1	unidentified	Ctenodontina unidentified
Arthropoda	Insecta	Diptera	Asilidae	Asilinae	Eccritosia	Eccritosia barbata	1	barbata	Eccritosia barbata
Arthropoda	Insecta	Diptera	Asilidae	Asilinae	Eccritosia	Eccritosia sp.	1	unidentified	Eccritosia unidentified
Arthropoda	Insecta	Diptera	Asilidae	Asilinae	Efferia	Efferia picea	1	picea	Efferia picea
Arthropoda	Insecta	Diptera	Asilidae	Asilinae	Eicherax	Eicherax ricnotes	1	ricnotes	Eicherax ricnotes
Arthropoda	Insecta	Diptera	Asilidae	Asilinae	Filiolus	Filiolus graminicola	1	graminicola	Filiolus graminicola
Arthropoda	Insecta	Diptera	Asilidae	Asilinae	Glaphyropyga	Glaphyropyga dryas	1	dryas	Glaphyropyga dryas
Arthropoda	Insecta	Diptera	Asilidae	Asilinae	Hoplopheromerus	Hoplopheromerus hirtiventris	1	hirtiventris	Hoplopheromerus hirtiventris
Arthropoda	Insecta	Diptera	Asilidae	Asilinae	Lochmorhynchus	Lochmorhynchus borrori	1	borrori	Lochmorhynchus borrori
Arthropoda	Insecta	Diptera	Asilidae	Asilinae	Lochyrus	Lochyrus frezieri	1	frezieri	Lochyrus frezieri
Arthropoda	Insecta	Diptera	Asilidae	Asilinae	Lycomya	Lycomya germainii	1	germainii	Lycomya germainii
Arthropoda	Insecta	Diptera	Asilidae	Asilinae	Mallophora	Mallophora orcina	2	orcina	Mallophora orcina
Arthropoda	Insecta	Diptera	Asilidae	Asilinae	Mauropteron	Mauropteron pelago	1	pelago	Mauropteron pelago
Arthropoda	Insecta	Diptera	Asilidae	Asilinae	Myaptex	Myaptex virilis	1	virilis	Myaptex virilis
Arthropoda	Insecta	Diptera	Asilidae	Asilinae	Negasilus	Negasilus astutus	1	astutus	Negasilus astutus
Arthropoda	Insecta	Diptera	Asilidae	Asilinae	Neoaratus	Neoaratus hercules	2	hercules	Neoaratus hercules
Arthropoda	Insecta	Diptera	Asilidae	Asilinae	Neolophonotus	Neolophonotus pulcher	1	pulcher	Neolophonotus pulcher
Arthropoda	Insecta	Diptera	Asilidae	Asilinae	Neomochtherus	Neomochtherus auricomus	1	auricomus	Neomochtherus auricomus
Arthropoda	Insecta	Diptera	Asilidae	Asilinae	Oligoschema	Oligoschema nuda	1	nuda	Oligoschema nuda
Arthropoda	Insecta	Diptera	Asilidae	Asilinae	Ommatius	Ommatius dilatipennis	1	dilatipennis	Ommatius dilatipennis
Arthropoda	Insecta	Diptera	Asilidae	Asilinae	Ommatius	Ommatius excurrens	1	excurrens	Ommatius excurrens
Arthropoda	Insecta	Diptera	Asilidae	Asilinae	Ommatius	Ommatius kempi	1	kempi	Ommatius kempi
Arthropoda	Insecta	Diptera	Asilidae	Asilinae	Ommatius	Ommatius persuasus	1	persuasus	Ommatius persuasus
Arthropoda	Insecta	Diptera	Asilidae	Asilinae	Ommatius	Ommatius politus	1	politus	Ommatius politus
Arthropoda	Insecta	Diptera	Asilidae	Asilinae	Ommatius	Ommatius spinalis	1	spinalis	Ommatius spinalis
Arthropoda	Insecta	Diptera	Asilidae	Asilinae	Orophotus	Orophotus mandarinus	1	mandarinus	Orophotus mandarinus
Arthropoda	Insecta	Diptera	Asilidae	Asilinae	Paritamus	Paritamus variabilis	1	variabilis	Paritamus variabilis
Arthropoda	Insecta	Diptera	Asilidae	Asilinae	Polacantha	Polacantha composita	1	composita	Polacantha composita
Arthropoda	Insecta	Diptera	Asilidae	Asilinae	Proctacanthus	Proctacanthus darlingtoni	1	darlingtoni	Proctacanthus darlingtoni
Arthropoda	Insecta	Diptera	Asilidae	Asilinae	Proctacanthus	Proctacanthus dominicana	2	dominicana	Proctacanthus dominicana
Arthropoda	Insecta	Diptera	Asilidae	Asilinae	Promachus	Promachus cothurnatus	1	cothurnatus	Promachus cothurnatus
Arthropoda	Insecta	Diptera	Asilidae	Asilinae	Promachus	Promachus fraterculus	1	fraterculus	Promachus fraterculus
Arthropoda	Insecta	Diptera	Asilidae	Asilinae	Promachus	Promachus giganteus	1	giganteus	Promachus giganteus
Arthropoda	Insecta	Diptera	Asilidae	Asilinae	Promachus	Promachus leoninus	1	leoninus	Promachus leoninus
Arthropoda	Insecta	Diptera	Asilidae	Asilinae	Regasilus	Regasilus blantoni	1	blantoni	Regasilus blantoni
Arthropoda	Insecta	Diptera	Asilidae	Asilinae	Scarbroughia	Scarbroughia delicatula	1	delicatula	Scarbroughia delicatula
Arthropoda	Insecta	Diptera	Asilidae	Asilinae	Wilcoxius	Wilcoxius sp.	1	unidentified	Wilcoxius unidentified
Arthropoda	Insecta	Diptera	Asilidae	Dasypogoninae	Archilestris	Archilestris excellens	1	excellens	Archilestris excellens
Arthropoda	Insecta	Diptera	Asilidae	Dasypogoninae	Dasypogon	Dasypogon atratus	1	atratus	Dasypogon atratus
Arthropoda	Insecta	Diptera	Asilidae	Dasypogoninae	Deromyia	Deromyia fuscipennis	1	fuscipennis	Deromyia fuscipennis
Arthropoda	Insecta	Diptera	Asilidae	Dasypogoninae	Molobratia	Molobratia japonica	1	japonica	Molobratia japonica
Arthropoda	Insecta	Diptera	Asilidae	Dasypogoninae	Neolaparus	Neolaparus banana	2	banana	Neolaparus banana
Arthropoda	Insecta	Diptera	Asilidae	Dasypogoninae	Nicocles	Nicocles utahensis	1	utahensis	Nicocles utahensis
Arthropoda	Insecta	Diptera	Asilidae	Dasypogoninae	Stenopogon	Stenopogon elizabethae	1	elizabethae	Stenopogon elizabethae
Arthropoda	Insecta	Diptera	Asilidae	Laphriinae	Andrenosoma	Andrenosoma formidolosa	1	formidolosa	Andrenosoma formidolosa
Arthropoda	Insecta	Diptera	Asilidae	Laphriinae	Andrenosoma	Andrenosoma fulvicaudum	2	fulvicaudum	Andrenosoma fulvicaudum
Arthropoda	Insecta	Diptera	Asilidae	Laphriinae	Anoplothyrea	Anoplothyrea indiana	1	indiana	Anoplothyrea indiana
Arthropoda	Insecta	Diptera	Asilidae	Laphriinae	Atomosia	Atomosia anacaona	1	anacaona	Atomosia anacaona
Arthropoda	Insecta	Diptera	Asilidae	Laphriinae	Atomosia	Atomosia ciguaya	1	ciguaya	Atomosia ciguaya
Arthropoda	Insecta	Diptera	Asilidae	Laphriinae	Atomosia	Atomosia jagua	1	jagua	Atomosia jagua
Arthropoda	Insecta	Diptera	Asilidae	Laphriinae	Ctenota	Ctenota molitrix	1	molitrix	Ctenota molitrix
Arthropoda	Insecta	Diptera	Asilidae	Laphriinae	Cyanonedys	Cyanonedys leucura	1	leucura	Cyanonedys leucura
Arthropoda	Insecta	Diptera	Asilidae	Laphriinae	Dasyllis	Dasyllis haemorrhoa	1	haemorrhoa	Dasyllis haemorrhoa
Arthropoda	Insecta	Diptera	Asilidae	Laphriinae	Lamprozona	Lamprozona auricincta	1	auricincta	Lamprozona auricincta
Arthropoda	Insecta	Diptera	Asilidae	Laphriinae	Laphria	Laphria divisor	1	divisor	Laphria divisor
Arthropoda	Insecta	Diptera	Asilidae	Laphriinae	Laphria	Laphria flavicollis	1	flavicollis	Laphria flavicollis
Arthropoda	Insecta	Diptera	Asilidae	Laphriinae	Laphria	Laphria signatipes	1	signatipes	Laphria signatipes
Arthropoda	Insecta	Diptera	Asilidae	Laphriinae	Maira	Maira aurifacies	1	aurifacies	Maira aurifacies
Arthropoda	Insecta	Diptera	Asilidae	Laphriinae	Martinomyia	Martinomyia scalaris	1	scalaris	Martinomyia scalaris
Arthropoda	Insecta	Diptera	Asilidae	Laphriinae	Oidardis	Oidardis aveledoi	1	aveledoi	Oidardis aveledoi
Arthropoda	Insecta	Diptera	Asilidae	Laphriinae	Pogonosoma	Pogonosoma dorsatum	1	dorsatum	Pogonosoma dorsatum
Arthropoda	Insecta	Diptera	Asilidae	Laphriinae	Psilocurus	Psilocurus birdi	1	birdi	Psilocurus birdi
Arthropoda	Insecta	Diptera	Asilidae	Laphriinae	Smeryngolaphria	Smeryngolaphria maculipennis	1	maculipennis	Smeryngolaphria maculipennis
Arthropoda	Insecta	Diptera	Asilidae	Laphriinae	Storthyngomerus	Storthyngomerus tridentatus	1	tridentatus	Storthyngomerus tridentatus
Arthropoda	Insecta	Diptera	Asilidae	Laphriinae	Triclioscelis	Triclioscelis perfecta	1	perfecta	Triclioscelis perfecta
Arthropoda	Insecta	Diptera	Asilidae	Laphystiinae	Laphystia	Laphystia texensis	1	texensis	Laphystia texensis
Arthropoda	Insecta	Diptera	Asilidae	Laphystiinae	Zabrops	Zabrops thologaster	1	thologaster	Zabrops thologaster
Arthropoda	Insecta	Diptera	Asilidae	Leptogastrinae	Apachekolos	Apachekolos volubilis	1	volubilis	Apachekolos volubilis
Arthropoda	Insecta	Diptera	Asilidae	Ommatiinae	Emphysomera	Emphysomera nigra	2	nigra	Emphysomera nigra
Arthropoda	Insecta	Diptera	Asilidae	Ommatiinae	Longibeccus	Longibeccus fuscovittatus	1	fuscovittatus	Longibeccus fuscovittatus
Arthropoda	Insecta	Diptera	Asilidae	Ommatiinae	Pseudomerodontina	Pseudomerodontina alata	1	alata	Pseudomerodontina alata
Arthropoda	Insecta	Diptera	Asilidae	Phellinae	Phellus	Phellus glaucus	1	glaucus	Phellus glaucus
Arthropoda	Insecta	Diptera	Asilidae	Stenopogoninae	Amblyonychus	Amblyonychus trapezoidalis	1	trapezoidalis	Amblyonychus trapezoidalis
Arthropoda	Insecta	Diptera	Asilidae	Stenopogoninae	Blepharotes	Blepharotes splendidissimus	1	splendidissimus	Blepharotes splendidissimus
Arthropoda	Insecta	Diptera	Asilidae	Stenopogoninae	Coleomyia	Coleomyia alticola	1	alticola	Coleomyia alticola
Arthropoda	Insecta	Diptera	Asilidae	Stenopogoninae	Creolestes	Creolestes nigribarbis	1	nigribarbis	Creolestes nigribarbis
Arthropoda	Insecta	Diptera	Asilidae	Stenopogoninae	Holopogon	Holopogon niveoscutum	1	niveoscutum	Holopogon niveoscutum
Arthropoda	Insecta	Diptera	Asilidae	Stenopogoninae	Microstylum	Microstylum nigricuada	1	nigricuada	Microstylum nigricuada
Arthropoda	Insecta	Diptera	Asilidae	Stenopogoninae	Neodysmachus	Neodysmachus setithoracicus	1	setithoracicus	Neodysmachus setithoracicus
Arthropoda	Insecta	Diptera	Asilidae	Stenopogoninae	Plesiomma	Plesiomma inflatum	1	inflatum	Plesiomma inflatum
Arthropoda	Insecta	Diptera	Asilidae	Tillobromatinae	Hypenetes	Hypenetes digitatus	1	digitatus	Hypenetes digitatus
Arthropoda	Insecta	Diptera	Calliphoridae	Ameniinae	Amenia	Amenia leonina	1	leonina	Amenia leonina
Arthropoda	Insecta	Diptera	Calliphoridae	Ameniinae	Paramenia	Paramenia semiauriceps	1	semiauriceps	Paramenia semiauriceps
Arthropoda	Insecta	Diptera	Calliphoridae	Ameniinae	Platytropesa	Platytropesa auriceps	1	auriceps	Platytropesa auriceps
Arthropoda	Insecta	Diptera	Calliphoridae	Ameniinae	Stilbomyella	Stilbomyella nigrocostalis	1	nigrocostalis	Stilbomyella nigrocostalis
Arthropoda	Insecta	Diptera	Calliphoridae	Bengaliinae	Bengalia	Bengalia gaillardi	1	gaillardi	Bengalia gaillardi
Arthropoda	Insecta	Diptera	Calliphoridae	Bengaliinae	Hemigymnochaeta	Hemigymnochaeta unicolor	1	unicolor	Hemigymnochaeta unicolor
Arthropoda	Insecta	Diptera	Calliphoridae	Bengaliinae	Pachychoeromyia	Pachychoeromyia praegrandis	1	praegrandis	Pachychoeromyia praegrandis
Arthropoda	Insecta	Diptera	Calliphoridae	Bengaliinae	Tricyclea	Tricyclea fasciata	1	fasciata	Tricyclea fasciata
Arthropoda	Insecta	Diptera	Calliphoridae	Calliphorinae	Bellardia	Bellardia viarum	1	viarum	Bellardia viarum
Arthropoda	Insecta	Diptera	Calliphoridae	Calliphorinae	Calliphora	Calliphora aldrichia	1	aldrichia	Calliphora aldrichia
Arthropoda	Insecta	Diptera	Calliphoridae	Calliphorinae	Euphumosia	Euphumosia papua	1	papua	Euphumosia papua
Arthropoda	Insecta	Diptera	Calliphoridae	Calliphorinae	Ochromelinda	Ochromelinda thoracica	1	thoracica	Ochromelinda thoracica
Arthropoda	Insecta	Diptera	Calliphoridae	Calliphorinae	Onesiomima	Onesiomima pamirica	1	pamirica	Onesiomima pamirica
Arthropoda	Insecta	Diptera	Calliphoridae	Calliphorinae	Pericallimyia	Pericallimyia perlata	1	perlata	Pericallimyia perlata
Arthropoda	Insecta	Diptera	Calliphoridae	Calliphorinae	Phumosia	Phumosia abdominalis	1	abdominalis	Phumosia abdominalis
Arthropoda	Insecta	Diptera	Calliphoridae	Calliphorinae	Phumosia	Phumosia indica	1	indica	Phumosia indica
Arthropoda	Insecta	Diptera	Calliphoridae	Calliphorinae	Pollenia	Pollenia flava	1	flava	Pollenia flava
Arthropoda	Insecta	Diptera	Calliphoridae	Calliphorinae	Ptilonesia	Ptilonesia auronotata	1	auronotata	Ptilonesia auronotata
Arthropoda	Insecta	Diptera	Calliphoridae	Calliphorinae	Tainanina	Tainanina pilisquama	1	pilisquama	Tainanina pilisquama
Arthropoda	Insecta	Diptera	Calliphoridae	Calliphorinae	Xenocalliphora	Xenocalliphora hortona	1	hortona	Xenocalliphora hortona
Arthropoda	Insecta	Diptera	Calliphoridae	Chrysomyinae	Chrysomya	Chrysomya inclinata	1	inclinata	Chrysomya inclinata
Arthropoda	Insecta	Diptera	Calliphoridae	Chrysomyinae	Paralucilia	Paralucilia adespota	1	adespota	Paralucilia adespota
Arthropoda	Insecta	Diptera	Calliphoridae	Luciliinae	Dyscritomyia	Dyscritomyia lucilioides	1	lucilioides	Dyscritomyia lucilioides
Arthropoda	Insecta	Diptera	Calliphoridae	Luciliinae	Hypopygiopsis	Hypopygiopsis tumrasvini	1	tumrasvini	Hypopygiopsis tumrasvini
Arthropoda	Insecta	Diptera	Calliphoridae	Melanomyinae	Melanomya	Melanomya nana	1	nana	Melanomya nana
Arthropoda	Insecta	Diptera	Calliphoridae	Melanomyinae	Melinda	Melinda cognata	1	cognata	Melinda cognata
Arthropoda	Insecta	Diptera	Calliphoridae	Melanomyinae	Melinda	Melinda pusilla	1	pusilla	Melinda pusilla
Arthropoda	Insecta	Diptera	Calliphoridae	Mesembrinellinae	Eumesembrinella	Eumesembrinella randa	1	randa	Eumesembrinella randa
Arthropoda	Insecta	Diptera	Calliphoridae	Mesembrinellinae	Mesembrinella	Mesembrinella batesi	1	batesi	Mesembrinella batesi
Arthropoda	Insecta	Diptera	Calliphoridae	Mesembrinellinae	Souzalopesiella	Souzalopesiella facialis	1	facialis	Souzalopesiella facialis
Arthropoda	Insecta	Diptera	Calliphoridae	Polleniinae	Morinia	Morinia doronici	1	doronici	Morinia doronici
Arthropoda	Insecta	Diptera	Conopidae	Conopinae	Australoconops	Australoconops splendidus	1	splendidus	Australoconops splendidus
Arthropoda	Insecta	Diptera	Conopidae	Conopinae	Leopoldius	Leopoldius coronatus	1	coronatus	Leopoldius coronatus
Arthropoda	Insecta	Diptera	Conopidae	Conopinae	Tropidomyia	Tropidomyia bimaculata	1	bimaculata	Tropidomyia bimaculata
Arthropoda	Insecta	Diptera	Conopidae	Myopinae	Melanosoma	Melanosoma bicolor	1	bicolor	Melanosoma bicolor
Arthropoda	Insecta	Diptera	Muscidae	Azeliinae	Passeromyia	Passeromyia heterochaeta	1	heterochaeta	Passeromyia heterochaeta
Arthropoda	Insecta	Diptera	Muscidae	Azeliinae	Potamia	Potamia scabra	1	scabra	Potamia scabra
Arthropoda	Insecta	Diptera	Muscidae	Azeliinae	Rhinomusca	Rhinomusca dutoiti	1	dutoiti	Rhinomusca dutoiti
Arthropoda	Insecta	Diptera	Muscidae	Coenosiinae	Syllimnophora	Syllimnophora atrovottata	1	atrovottata	Syllimnophora atrovottata
Arthropoda	Insecta	Diptera	Muscidae	Coenosiinae	Tetramerinx	Tetramerinx unica	1	unica	Tetramerinx unica
Arthropoda	Insecta	Diptera	Muscidae	Cyrtoneurininae	Pseudoptilolepis	Pseudoptilolepis fulvapoda	1	fulvapoda	Pseudoptilolepis fulvapoda
Arthropoda	Insecta	Diptera	Muscidae	Muscinae	Eudasyphora	Eudasyphora cyanella	1	cyanella	Eudasyphora cyanella
Arthropoda	Insecta	Diptera	Muscidae	Muscinae	Eudasyphora	Eudasyphora cyanicolor	1	cyanicolor	Eudasyphora cyanicolor
Arthropoda	Insecta	Diptera	Muscidae	Mydaeinae	Gymnodia	Gymnodia nigrogrisea	1	nigrogrisea	Gymnodia nigrogrisea
Arthropoda	Insecta	Diptera	Muscidae	Phaoniinae	Helina	Helina violescens	1	violescens	Helina violescens
Arthropoda	Insecta	Diptera	Muscidae	Phaoniinae	Prohardyia	Prohardyia carinata	1	carinata	Prohardyia carinata
Arthropoda	Insecta	Diptera	Oestridae	Cuterebrinae	Cuterebra	Cuterebra austeni	1	austeni	Cuterebra austeni
Arthropoda	Insecta	Diptera	Oestridae	Oestrinae	Cephenemyia	Cephenemyia phobifer	1	phobifer	Cephenemyia phobifer
Arthropoda	Insecta	Diptera	Rhagionidae	Chrysopilinae	Chrysopilus	Chrysopilus thoracicus	1	thoracicus	Chrysopilus thoracicus
Arthropoda	Insecta	Diptera	Rhagionidae	Rhagioninae	Rhagio	Rhagio vertebratus	1	vertebratus	Rhagio vertebratus
Arthropoda	Insecta	Diptera	Rhagionidae	Spaniinae	Symphoromyia	Symphoromyia crassicornis	1	crassicornis	Symphoromyia crassicornis
Arthropoda	Insecta	Diptera	Rhiniidae	Rhiniinae	Isomyia	Isomyia dotata	1	dotata	Isomyia dotata
Arthropoda	Insecta	Diptera	Rhiniidae	Rhiniinae	Rhyncomya	Rhyncomya seguyi	1	seguyi	Rhyncomya seguyi
Arthropoda	Insecta	Diptera	Rhiniidae	Rhiniinae	Thoracites	Thoracites abdominalis	1	abdominalis	Thoracites abdominalis
Arthropoda	Insecta	Diptera	Sarcophagidae	Miltogramminae	Apodacra	Apodacra ctenoscelis	1	ctenoscelis	Apodacra ctenoscelis
Arthropoda	Insecta	Diptera	Sarcophagidae	Miltogramminae	Craticulina	Craticulina tabaniformis	1	tabaniformis	Craticulina tabaniformis
Arthropoda	Insecta	Diptera	Sarcophagidae	Miltogramminae	Dolichotachina	Dolichotachina marginella	1	marginella	Dolichotachina marginella
Arthropoda	Insecta	Diptera	Sarcophagidae	Miltogramminae	Euphyto	Euphyto nomiivora	1	nomiivora	Euphyto nomiivora
Arthropoda	Insecta	Diptera	Sarcophagidae	Miltogramminae	Mesomelena	Mesomelena mesomelaena	1	mesomelaena	Mesomelena mesomelaena
Arthropoda	Insecta	Diptera	Sarcophagidae	Miltogramminae	Metopia	Metopia polita	1	polita	Metopia polita
Arthropoda	Insecta	Diptera	Sarcophagidae	Miltogramminae	Miltogramma	Miltogramma angustifrons	1	angustifrons	Miltogramma angustifrons
Arthropoda	Insecta	Diptera	Sarcophagidae	Miltogramminae	Oebalia	Oebalia aristalis	1	aristalis	Oebalia aristalis
Arthropoda	Insecta	Diptera	Sarcophagidae	Miltogramminae	Phylloteles	Phylloteles rohdendorfi	1	rohdendorfi	Phylloteles rohdendorfi
Arthropoda	Insecta	Diptera	Sarcophagidae	Miltogramminae	Sphenometopa	Sphenometopa tergata	1	tergata	Sphenometopa tergata
Arthropoda	Insecta	Diptera	Sarcophagidae	Miltogramminae	Taxigramma	Taxigramma heteroneura	1	heteroneura	Taxigramma heteroneura
Arthropoda	Insecta	Diptera	Sarcophagidae	Paramacronychiinae	Galapagomyia	Galapagomyia inoa	1	inoa	Galapagomyia inoa
Arthropoda	Insecta	Diptera	Sarcophagidae	Paramacronychiinae	Goniophyto	Goniophyto honshuensis	1	honshuensis	Goniophyto honshuensis
Arthropoda	Insecta	Diptera	Sarcophagidae	Paramacronychiinae	Nyctia	Nyctia halterata	1	halterata	Nyctia halterata
Arthropoda	Insecta	Diptera	Sarcophagidae	Paramacronychiinae	Toxonagria	Toxonagria montanensis	1	montanensis	Toxonagria montanensis
Arthropoda	Insecta	Diptera	Sarcophagidae	Sarcophaginae	Blaesoxipha	Blaesoxipha quaesita	1	quaesita	Blaesoxipha quaesita
Arthropoda	Insecta	Diptera	Sarcophagidae	Sarcophaginae	Boettcheria	Boettcheria cimbicis	1	cimbicis	Boettcheria cimbicis
Arthropoda	Insecta	Diptera	Sarcophagidae	Sarcophaginae	Chrysagria	Chrysagria andina	1	andina	Chrysagria andina
Arthropoda	Insecta	Diptera	Sarcophagidae	Sarcophaginae	Dexosarcophaga	Dexosarcophaga jubilator	1	jubilator	Dexosarcophaga jubilator
Arthropoda	Insecta	Diptera	Sarcophagidae	Sarcophaginae	Engelimyia	Engelimyia inops	1	inops	Engelimyia inops
Arthropoda	Insecta	Diptera	Sarcophagidae	Sarcophaginae	Fletcherimyia	Fletcherimyia oreophilae	1	oreophilae	Fletcherimyia oreophilae
Arthropoda	Insecta	Diptera	Sarcophagidae	Sarcophaginae	Lepidodexia	Lepidodexia rufitibia	1	rufitibia	Lepidodexia rufitibia
Arthropoda	Insecta	Diptera	Sarcophagidae	Sarcophaginae	Pachygraphia	Pachygraphia rufocaudatata	1	rufocaudatata	Pachygraphia rufocaudatata
Arthropoda	Insecta	Diptera	Sarcophagidae	Sarcophaginae	Rafaelia	Rafaelia ampulla	1	ampulla	Rafaelia ampulla
Arthropoda	Insecta	Diptera	Sarcophagidae	Sarcophaginae	Spirobolomyia	Spirobolomyia ohioensis	1	ohioensis	Spirobolomyia ohioensis
Arthropoda	Insecta	Diptera	Sarcophagidae	Sarcophaginae	Tripanurga	Tripanurga importuna	1	importuna	Tripanurga importuna
Arthropoda	Insecta	Diptera	Sarcophagidae	Sarcophaginae	Tulaeopoda	Tulaeopoda inchoata	1	inchoata	Tulaeopoda inchoata
Arthropoda	Insecta	Diptera	Scathophagidae	Scathophaginae	Allomyella	Allomyella frigida	1	frigida	Allomyella frigida
Arthropoda	Insecta	Diptera	Scathophagidae	Scathophaginae	Cleigastra	Cleigastra apicalis	1	apicalis	Cleigastra apicalis
Arthropoda	Insecta	Diptera	Scathophagidae	Scathophaginae	Pleurochaetella	Pleurochaetella simplicipes	1	simplicipes	Pleurochaetella simplicipes
Arthropoda	Insecta	Diptera	Scathophagidae	Scathophaginae	Trichopalpus	Trichopalpus nigribasis	1	nigribasis	Trichopalpus nigribasis
Arthropoda	Insecta	Diptera	Sciomyzidae	Sciomyzinae	Colobaea	Colobaea punctata	1	punctata	Colobaea punctata
Arthropoda	Insecta	Diptera	Sciomyzidae	Sciomyzinae	Dictyacium	Dictyacium firmum	1	firmum	Dictyacium firmum
Arthropoda	Insecta	Diptera	Stratiomyidae	Beridinae	Actina	Actina viridis	1	viridis	Actina viridis
Arthropoda	Insecta	Diptera	Stratiomyidae	Beridinae	Allognosta	Allognosta albifascia	1	albifascia	Allognosta albifascia
Arthropoda	Insecta	Diptera	Stratiomyidae	Beridinae	Anexaireta	Anexaireta hyacinthina	1	hyacinthina	Anexaireta hyacinthina
Arthropoda	Insecta	Diptera	Stratiomyidae	Beridinae	Archistratiomys	Archistratiomys rufipalpis	1	rufipalpis	Archistratiomys rufipalpis
Arthropoda	Insecta	Diptera	Stratiomyidae	Beridinae	Benhamyia	Benhamyia straznitzkii	1	straznitzkii	Benhamyia straznitzkii
Arthropoda	Insecta	Diptera	Stratiomyidae	Beridinae	Beridops	Beridops nigripes	1	nigripes	Beridops nigripes
Arthropoda	Insecta	Diptera	Stratiomyidae	Beridinae	Eumecacis	Eumecacis clavigera	1	clavigera	Eumecacis clavigera
Arthropoda	Insecta	Diptera	Stratiomyidae	Beridinae	Exaireta	Exaireta siliacea	1	siliacea	Exaireta siliacea
Arthropoda	Insecta	Diptera	Stratiomyidae	Beridinae	Hadrestia	Hadrestia aenea	1	aenea	Hadrestia aenea
Arthropoda	Insecta	Diptera	Stratiomyidae	Beridinae	Macromeracis	Macromeracis philippii	1	philippii	Macromeracis philippii
Arthropoda	Insecta	Diptera	Stratiomyidae	Beridinae	Microhadrestia	Microhadrestia minuta	1	minuta	Microhadrestia minuta
Arthropoda	Insecta	Diptera	Stratiomyidae	Beridinae	Neactina	Neactina ostensackeni	1	ostensackeni	Neactina ostensackeni
Arthropoda	Insecta	Diptera	Stratiomyidae	Beridinae	Neoberis	Neoberis brasiliana	1	brasiliana	Neoberis brasiliana
Arthropoda	Insecta	Diptera	Stratiomyidae	Beridinae	Oplachantha	Oplachantha subcrassicalx	1	subcrassicalx	Oplachantha subcrassicalx
Arthropoda	Insecta	Diptera	Stratiomyidae	Chiromyzinae	Hylorops	Hylorops philippii	1	philippii	Hylorops philippii
Arthropoda	Insecta	Diptera	Stratiomyidae	Chiromyzinae	Inopus	Inopus rubriceps	1	rubriceps	Inopus rubriceps
Arthropoda	Insecta	Diptera	Stratiomyidae	Chiromyzinae	Mapuchemyia	Mapuchemyia krausei	1	krausei	Mapuchemyia krausei
Arthropoda	Insecta	Diptera	Stratiomyidae	Chiromyzinae	Nonacris	Nonacris chilensis	1	chilensis	Nonacris chilensis
Arthropoda	Insecta	Diptera	Stratiomyidae	Chiromyzinae	Tana	Tana paulseni	1	paulseni	Tana paulseni
Arthropoda	Insecta	Diptera	Stratiomyidae	Chrysochlorininae	Chromatopoda	Chromatopoda annulipes	1	annulipes	Chromatopoda annulipes
Arthropoda	Insecta	Diptera	Stratiomyidae	Chrysochlorininae	Chrysochlorina	Chrysochlorina currani	1	currani	Chrysochlorina currani
Arthropoda	Insecta	Diptera	Stratiomyidae	Clitellariinae	Abasanistus	Abasanistus aureopictus	1	aureopictus	Abasanistus aureopictus
Arthropoda	Insecta	Diptera	Stratiomyidae	Clitellariinae	Acropeltates	Acropeltates kerteszi	1	kerteszi	Acropeltates kerteszi
Arthropoda	Insecta	Diptera	Stratiomyidae	Clitellariinae	Adoxomyia	Adoxomyia cinerascens	1	cinerascens	Adoxomyia cinerascens
Arthropoda	Insecta	Diptera	Stratiomyidae	Clitellariinae	Campeprosopa	Campeprosopa longispina	1	longispina	Campeprosopa longispina
Arthropoda	Insecta	Diptera	Stratiomyidae	Clitellariinae	Clitellaria	Clitellaria orientalis	1	orientalis	Clitellaria orientalis
Arthropoda	Insecta	Diptera	Stratiomyidae	Clitellariinae	Cyphomyia	Cyphomyia albomaculata	1	albomaculata	Cyphomyia albomaculata
Arthropoda	Insecta	Diptera	Stratiomyidae	Clitellariinae	Dieuryneura	Dieuryneura stigma	1	stigma	Dieuryneura stigma
Arthropoda	Insecta	Diptera	Stratiomyidae	Clitellariinae	Ditylometopa	Ditylometopa elegans	1	elegans	Ditylometopa elegans
Arthropoda	Insecta	Diptera	Stratiomyidae	Clitellariinae	Eudmeta	Eudmeta marginata	1	marginata	Eudmeta marginata
Arthropoda	Insecta	Diptera	Stratiomyidae	Clitellariinae	Euryneura	Euryneura peruana	1	peruana	Euryneura peruana
Arthropoda	Insecta	Diptera	Stratiomyidae	Clitellariinae	Labocerina	Labocerina atrata	1	atrata	Labocerina atrata
Arthropoda	Insecta	Diptera	Stratiomyidae	Clitellariinae	Nigritomyia	Nigritomyia maculipennis	1	maculipennis	Nigritomyia maculipennis
Arthropoda	Insecta	Diptera	Stratiomyidae	Clitellariinae	Pycnomalla	Pycnomalla splendens	1	splendens	Pycnomalla splendens
Arthropoda	Insecta	Diptera	Stratiomyidae	Clitellariinae	Quichuamyia	Quichuamyia aplanatantennae	1	aplanatantennae	Quichuamyia aplanatantennae
Arthropoda	Insecta	Diptera	Stratiomyidae	Clitellariinae	Ruba	Ruba cincta	1	cincta	Ruba cincta
Arthropoda	Insecta	Diptera	Stratiomyidae	Hermetiinae	Chaetohermetia	Chaetohermetia apicalis	1	apicalis	Chaetohermetia apicalis
Arthropoda	Insecta	Diptera	Stratiomyidae	Hermetiinae	Hermetia	Hermetia coarctata	1	coarctata	Hermetia coarctata
Arthropoda	Insecta	Diptera	Stratiomyidae	Nemotelinae	Lasiopa	Lasiopa rhodesiensis	1	rhodesiensis	Lasiopa rhodesiensis
Arthropoda	Insecta	Diptera	Stratiomyidae	Nemotelinae	Nemotelus	Nemotelus acutirostris	1	acutirostris	Nemotelus acutirostris
Arthropoda	Insecta	Diptera	Stratiomyidae	Nemotelinae	Pselaphomyia	Pselaphomyia nigripennis	1	nigripennis	Pselaphomyia nigripennis
Arthropoda	Insecta	Diptera	Stratiomyidae	Pachygastrinae	Acanthinomyia	Acanthinomyia elongata	1	elongata	Acanthinomyia elongata
Arthropoda	Insecta	Diptera	Stratiomyidae	Pachygastrinae	Ageiton	Ageiton ater	1	ater	Ageiton ater
Arthropoda	Insecta	Diptera	Stratiomyidae	Pachygastrinae	Argyrobrithes	Argyrobrithes albopilosus	1	albopilosus	Argyrobrithes albopilosus
Arthropoda	Insecta	Diptera	Stratiomyidae	Pachygastrinae	Goetghebueromyia	Goetghebueromyia paradoxa	1	paradoxa	Goetghebueromyia paradoxa
Arthropoda	Insecta	Diptera	Stratiomyidae	Pachygastrinae	Ptilocera	Ptilocera continua	1	continua	Ptilocera continua
Arthropoda	Insecta	Diptera	Stratiomyidae	Pachygastrinae	Rosapha	Rosapha variegata	1	variegata	Rosapha variegata
Arthropoda	Insecta	Diptera	Stratiomyidae	Pachygastrinae	Saldubella	Saldubella signatipennis	1	signatipennis	Saldubella signatipennis
Arthropoda	Insecta	Diptera	Stratiomyidae	Pachygastrinae	Stratiosphecomyia	Stratiosphecomyia variegata	1	variegata	Stratiosphecomyia variegata
Arthropoda	Insecta	Diptera	Stratiomyidae	Rhaphiocerinae	Cyclophleps	Cyclophleps tenebrifera	1	tenebrifera	Cyclophleps tenebrifera
Arthropoda	Insecta	Diptera	Stratiomyidae	Rhaphiocerinae	Heptozus	Heptozus hansoni	1	hansoni	Heptozus hansoni
Arthropoda	Insecta	Diptera	Stratiomyidae	Rhaphiocerinae	Phanerozus	Phanerozus pampinus	1	pampinus	Phanerozus pampinus
Arthropoda	Insecta	Diptera	Stratiomyidae	Sarginae	Acrochaeta	Acrochaeta mexicana	1	mexicana	Acrochaeta mexicana
Arthropoda	Insecta	Diptera	Stratiomyidae	Sarginae	Cephalochrysa	Cephalochrysa nigricornis	1	nigricornis	Cephalochrysa nigricornis
Arthropoda	Insecta	Diptera	Stratiomyidae	Sarginae	Chloromyia	Chloromyia formosa	1	formosa	Chloromyia formosa
Arthropoda	Insecta	Diptera	Stratiomyidae	Sarginae	Gongrosargus	Gongrosargus maculipennis	1	maculipennis	Gongrosargus maculipennis
Arthropoda	Insecta	Diptera	Stratiomyidae	Sarginae	Himantigera	Himantigera nigrifemorata	1	nigrifemorata	Himantigera nigrifemorata
Arthropoda	Insecta	Diptera	Stratiomyidae	Sarginae	Merosargus	Merosargus caeruleifrons	1	caeruleifrons	Merosargus caeruleifrons
Arthropoda	Insecta	Diptera	Stratiomyidae	Sarginae	Microchrysa	Microchrysa flaviventris	1	flaviventris	Microchrysa flaviventris
Arthropoda	Insecta	Diptera	Stratiomyidae	Sarginae	Ptecticus	Ptecticus aurifer	1	aurifer	Ptecticus aurifer
Arthropoda	Insecta	Diptera	Stratiomyidae	Sarginae	Ptectisargus	Ptectisargus flavomarginatus	1	flavomarginatus	Ptectisargus flavomarginatus
Arthropoda	Insecta	Diptera	Stratiomyidae	Sarginae	Sagaricera	Sagaricera analis	1	analis	Sagaricera analis
Arthropoda	Insecta	Diptera	Stratiomyidae	Sarginae	Sargus	Sargus cuprarius	1	cuprarius	Sargus cuprarius
Arthropoda	Insecta	Diptera	Stratiomyidae	Stratiomyinae	Acanthasargus	Acanthasargus roseus	1	roseus	Acanthasargus roseus
Arthropoda	Insecta	Diptera	Stratiomyidae	Stratiomyinae	Anoplodonta	Anoplodonta nigrirostris	1	nigrirostris	Anoplodonta nigrirostris
Arthropoda	Insecta	Diptera	Stratiomyidae	Stratiomyinae	Caloparyphus	Caloparyphus tetraspilus	1	tetraspilus	Caloparyphus tetraspilus
Arthropoda	Insecta	Diptera	Stratiomyidae	Stratiomyinae	Euparyphus	Euparyphus monensis	1	monensis	Euparyphus monensis
Arthropoda	Insecta	Diptera	Stratiomyidae	Stratiomyinae	Hedriodiscus	Hedriodiscus chloraspis	1	chloraspis	Hedriodiscus chloraspis
Arthropoda	Insecta	Diptera	Stratiomyidae	Stratiomyinae	Hermionella	Hermionella seguyi	1	seguyi	Hermionella seguyi
Arthropoda	Insecta	Diptera	Stratiomyidae	Stratiomyinae	Hoplistopsis	Hoplistopsis geminata	1	geminata	Hoplistopsis geminata
Arthropoda	Insecta	Diptera	Stratiomyidae	Stratiomyinae	Hoplitimyia	Hoplitimyia constans	1	constans	Hoplitimyia constans
Arthropoda	Insecta	Diptera	Stratiomyidae	Stratiomyinae	Myxosargus	Myxosargus knowltoni	1	knowltoni	Myxosargus knowltoni
Arthropoda	Insecta	Diptera	Stratiomyidae	Stratiomyinae	Nothomyia	Nothomyia intensica	1	intensica	Nothomyia intensica
Arthropoda	Insecta	Diptera	Stratiomyidae	Stratiomyinae	Odontomyia	Odontomyia guizhouensis	1	guizhouensis	Odontomyia guizhouensis
Arthropoda	Insecta	Diptera	Stratiomyidae	Stratiomyinae	Oplodontha	Oplodontha viridula	1	viridula	Oplodontha viridula
Arthropoda	Insecta	Diptera	Stratiomyidae	Stratiomyinae	Oxycera	Oxycera albovittata	1	albovittata	Oxycera albovittata
Arthropoda	Insecta	Diptera	Stratiomyidae	Stratiomyinae	Panamamyia	Panamamyia silbergliedi	1	silbergliedi	Panamamyia silbergliedi
Arthropoda	Insecta	Diptera	Stratiomyidae	Stratiomyinae	Promeranisa	Promeranisa nasuta	1	nasuta	Promeranisa nasuta
Arthropoda	Insecta	Diptera	Stratiomyidae	Stratiomyinae	Psellidotus	Psellidotus hieroglyphicus	1	hieroglyphicus	Psellidotus hieroglyphicus
Arthropoda	Insecta	Diptera	Stratiomyidae	Stratiomyinae	Raphiocera	Raphiocera ornata	1	ornata	Raphiocera ornata
Arthropoda	Insecta	Diptera	Stratiomyidae	Stratiomyinae	Rhaphiocerina	Rhaphiocerina hakiensis	1	hakiensis	Rhaphiocerina hakiensis
Arthropoda	Insecta	Diptera	Stratiomyidae	Stratiomyinae	Stratiomys	Stratiomys maculosa	1	maculosa	Stratiomys maculosa
Arthropoda	Insecta	Diptera	Stratiomyidae	Stratiomyinae	Vitilevumyia	Vitilevumyia bobwoodleyi	1	bobwoodleyi	Vitilevumyia bobwoodleyi
Arthropoda	Insecta	Diptera	Stratiomyidae	Stratiomyinae	Zuerchermyia	Zuerchermyia bequaerti	1	bequaerti	Zuerchermyia bequaerti
Arthropoda	Insecta	Diptera	Tachinidae	Dexiinae	Actinoplagia	Actinoplagia koehleri	1	koehleri	Actinoplagia koehleri
Arthropoda	Insecta	Diptera	Tachinidae	Dexiinae	Amphibolia	Amphibolia vidua	1	vidua	Amphibolia vidua
Arthropoda	Insecta	Diptera	Tachinidae	Dexiinae	Ateloglossa	Ateloglossa marginalis	1	marginalis	Ateloglossa marginalis
Arthropoda	Insecta	Diptera	Tachinidae	Dexiinae	Chetogaster	Chetogaster violacea	1	violacea	Chetogaster violacea
Arthropoda	Insecta	Diptera	Tachinidae	Dexiinae	Epigrimyia	Epigrimyia illinoensis	1	illinoensis	Epigrimyia illinoensis
Arthropoda	Insecta	Diptera	Tachinidae	Dexiinae	Euantha	Euantha aucta	1	aucta	Euantha aucta
Arthropoda	Insecta	Diptera	Tachinidae	Dexiinae	Goniochaeta	Goniochaeta plagioides	1	plagioides	Goniochaeta plagioides
Arthropoda	Insecta	Diptera	Tachinidae	Dexiinae	Oestrophasia	Oestrophasia signiferum	1	signiferum	Oestrophasia signiferum
Arthropoda	Insecta	Diptera	Tachinidae	Dexiinae	Opsotheresia	Opsotheresia bigelowi	1	bigelowi	Opsotheresia bigelowi
Arthropoda	Insecta	Diptera	Tachinidae	Dexiinae	Phaeodema	Phaeodema mystacina	1	mystacina	Phaeodema mystacina
Arthropoda	Insecta	Diptera	Tachinidae	Dexiinae	Phasiops	Phasiops flavus	1	flavus	Phasiops flavus
Arthropoda	Insecta	Diptera	Tachinidae	Dexiinae	Prodiaphania	Prodiaphania georgei	1	georgei	Prodiaphania georgei
Arthropoda	Insecta	Diptera	Tachinidae	Dexiinae	Ptilodexia	Ptilodexia anthracina	1	anthracina	Ptilodexia anthracina
Arthropoda	Insecta	Diptera	Tachinidae	Dexiinae	Rutilia	Rutilia splendida	1	splendida	Rutilia splendida
Arthropoda	Insecta	Diptera	Tachinidae	Dexiinae	Senostoma	Senostoma setiventre	1	setiventre	Senostoma setiventre
Arthropoda	Insecta	Diptera	Tachinidae	Dexiinae	Thelairodes	Thelairodes paradoxicus	1	paradoxicus	Thelairodes paradoxicus
Arthropoda	Insecta	Diptera	Tachinidae	Dexiinae	Torocca	Torocca fasciata	1	fasciata	Torocca fasciata
Arthropoda	Insecta	Diptera	Tachinidae	Exoristinae	Acantholespesia	Acantholespesia comstocki	1	comstocki	Acantholespesia comstocki
Arthropoda	Insecta	Diptera	Tachinidae	Exoristinae	Argyrophylax	Argyrophylax albincisa	1	albincisa	Argyrophylax albincisa
Arthropoda	Insecta	Diptera	Tachinidae	Exoristinae	Atacta	Atacta brasiliensis	1	brasiliensis	Atacta brasiliensis
Arthropoda	Insecta	Diptera	Tachinidae	Exoristinae	Carcelia	Carcelia languida	2	languida	Carcelia languida
Arthropoda	Insecta	Diptera	Tachinidae	Exoristinae	Celatoria	Celatoria diabroticae	1	diabroticae	Celatoria diabroticae
Arthropoda	Insecta	Diptera	Tachinidae	Exoristinae	Chaetexorista	Chaetexorista javana	1	javana	Chaetexorista javana
Arthropoda	Insecta	Diptera	Tachinidae	Exoristinae	Chaetocnephalia	Chaetocnephalia americana	1	americana	Chaetocnephalia americana
Arthropoda	Insecta	Diptera	Tachinidae	Exoristinae	Chaetogaedia	Chaetogaedia analis	1	analis	Chaetogaedia analis
Arthropoda	Insecta	Diptera	Tachinidae	Exoristinae	Chaetonodexodes	Chaetonodexodes vanderwulpi	1	vanderwulpi	Chaetonodexodes vanderwulpi
Arthropoda	Insecta	Diptera	Tachinidae	Exoristinae	Chetogena	Chetogena janitrix	1	janitrix	Chetogena janitrix
Arthropoda	Insecta	Diptera	Tachinidae	Exoristinae	Chetogena	Chetogena tessellata	1	tessellata	Chetogena tessellata
Arthropoda	Insecta	Diptera	Tachinidae	Exoristinae	Clastoneura	Clastoneura brevicornis	1	brevicornis	Clastoneura brevicornis
Arthropoda	Insecta	Diptera	Tachinidae	Exoristinae	Distichona	Distichona kansensis	1	kansensis	Distichona kansensis
Arthropoda	Insecta	Diptera	Tachinidae	Exoristinae	Drino	Drino atropivora	1	atropivora	Drino atropivora
Arthropoda	Insecta	Diptera	Tachinidae	Exoristinae	Erynniopsis	Erynniopsis antennata	1	antennata	Erynniopsis antennata
Arthropoda	Insecta	Diptera	Tachinidae	Exoristinae	Eulobomyia	Eulobomyia neotropica	1	neotropica	Eulobomyia neotropica
Arthropoda	Insecta	Diptera	Tachinidae	Exoristinae	Eurysthaea	Eurysthaea scutellaris	1	scutellaris	Eurysthaea scutellaris
Arthropoda	Insecta	Diptera	Tachinidae	Exoristinae	Gaediopsis	Gaediopsis lugubris	1	lugubris	Gaediopsis lugubris
Arthropoda	Insecta	Diptera	Tachinidae	Exoristinae	Gueriniopsis	Gueriniopsis setipes	1	setipes	Gueriniopsis setipes
Arthropoda	Insecta	Diptera	Tachinidae	Exoristinae	Houghia	Houghia setinervis	1	setinervis	Houghia setinervis
Arthropoda	Insecta	Diptera	Tachinidae	Exoristinae	Hyphantrophaga	Hyphantrophaga scolex	1	scolex	Hyphantrophaga scolex
Arthropoda	Insecta	Diptera	Tachinidae	Exoristinae	Hyphantrophaga	Hyphantrophaga virilis	1	virilis	Hyphantrophaga virilis
Arthropoda	Insecta	Diptera	Tachinidae	Exoristinae	Ligeria	Ligeria angusticornis	1	angusticornis	Ligeria angusticornis
Arthropoda	Insecta	Diptera	Tachinidae	Exoristinae	Lydinolydella	Lydinolydella rasilis	1	rasilis	Lydinolydella rasilis
Arthropoda	Insecta	Diptera	Tachinidae	Exoristinae	Opsomeigenia	Opsomeigenia xylota	1	xylota	Opsomeigenia xylota
Arthropoda	Insecta	Diptera	Tachinidae	Exoristinae	Oxynops	Oxynops anthracinus	1	anthracinus	Oxynops anthracinus
Arthropoda	Insecta	Diptera	Tachinidae	Exoristinae	Paratryphera	Paratryphera barbatula	1	barbatula	Paratryphera barbatula
Arthropoda	Insecta	Diptera	Tachinidae	Exoristinae	Phebellia	Phebellia erecta	1	erecta	Phebellia erecta
Arthropoda	Insecta	Diptera	Tachinidae	Exoristinae	Phorocerosoma	Phorocerosoma postulans	1	postulans	Phorocerosoma postulans
Arthropoda	Insecta	Diptera	Tachinidae	Exoristinae	Phyllophilopsis	Phyllophilopsis nitens	1	nitens	Phyllophilopsis nitens
Arthropoda	Insecta	Diptera	Tachinidae	Exoristinae	Prospherysa	Prospherysa pulverea	1	pulverea	Prospherysa pulverea
Arthropoda	Insecta	Diptera	Tachinidae	Exoristinae	Pseudochaeta	Pseudochaeta perdecora	1	perdecora	Pseudochaeta perdecora
Arthropoda	Insecta	Diptera	Tachinidae	Exoristinae	Smidtia	Smidtia fumiferanae	1	fumiferanae	Smidtia fumiferanae
Arthropoda	Insecta	Diptera	Tachinidae	Exoristinae	Thecocarcelia	Thecocarcelia oculata	1	oculata	Thecocarcelia oculata
Arthropoda	Insecta	Diptera	Tachinidae	Exoristinae	Zaira	Zaira sordicolor	1	sordicolor	Zaira sordicolor
Arthropoda	Insecta	Diptera	Tachinidae	Goniinae	Pseudoperichaeta	Pseudoperichaeta nigrolineata	1	nigrolineata	Pseudoperichaeta nigrolineata
Arthropoda	Insecta	Diptera	Tachinidae	Phasiinae	Acaulona	Acaulona costata	1	costata	Acaulona costata
Arthropoda	Insecta	Diptera	Tachinidae	Phasiinae	Besseria	Besseria atra	1	atra	Besseria atra
Arthropoda	Insecta	Diptera	Tachinidae	Phasiinae	Catharosia	Catharosia alutacea	1	alutacea	Catharosia alutacea
Arthropoda	Insecta	Diptera	Tachinidae	Phasiinae	Cylindromyia	Cylindromyia signatipennis	1	signatipennis	Cylindromyia signatipennis
Arthropoda	Insecta	Diptera	Tachinidae	Phasiinae	Hemyda	Hemyda aurata	1	aurata	Hemyda aurata
Arthropoda	Insecta	Diptera	Tachinidae	Phasiinae	Opesia	Opesia atrata	1	atrata	Opesia atrata
Arthropoda	Insecta	Diptera	Tachinidae	Phasiinae	Penthosia	Penthosia satanica	1	satanica	Penthosia satanica
Arthropoda	Insecta	Diptera	Tachinidae	Phasiinae	Phasia	Phasia chilensis	1	chilensis	Phasia chilensis
Arthropoda	Insecta	Diptera	Tachinidae	Tachininae	Aphria	Aphria longilingua	1	longilingua	Aphria longilingua
Arthropoda	Insecta	Diptera	Tachinidae	Tachininae	Aulacephala	Aulacephala maculithorax	1	maculithorax	Aulacephala maculithorax
Arthropoda	Insecta	Diptera	Tachinidae	Tachininae	Bithia	Bithia modesta	1	modesta	Bithia modesta
Arthropoda	Insecta	Diptera	Tachinidae	Tachininae	Borgmeiermyia	Borgmeiermyia rozeni	1	rozeni	Borgmeiermyia rozeni
Arthropoda	Insecta	Diptera	Tachinidae	Tachininae	Bothrophora	Bothrophora lupina	1	lupina	Bothrophora lupina
Arthropoda	Insecta	Diptera	Tachinidae	Tachininae	Camposodes	Camposodes sp.	1	unidentified	Camposodes unidentified
Arthropoda	Insecta	Diptera	Tachinidae	Tachininae	Chlorotachina	Chlorotachina froggatti	1	froggatti	Chlorotachina froggatti
Arthropoda	Insecta	Diptera	Tachinidae	Tachininae	Crocinosoma	Crocinosoma cornuale	1	cornuale	Crocinosoma cornuale
Arthropoda	Insecta	Diptera	Tachinidae	Tachininae	Cryptopalpus	Cryptopalpus ornatus	1	ornatus	Cryptopalpus ornatus
Arthropoda	Insecta	Diptera	Tachinidae	Tachininae	Dejeania	Dejeania bombylans	1	bombylans	Dejeania bombylans
Arthropoda	Insecta	Diptera	Tachinidae	Tachininae	Dichocera	Dichocera dichoceroides	1	dichoceroides	Dichocera dichoceroides
Arthropoda	Insecta	Diptera	Tachinidae	Tachininae	Fischeria	Fischeria bicolor	1	bicolor	Fischeria bicolor
Arthropoda	Insecta	Diptera	Tachinidae	Tachininae	Genea	Genea australis	1	australis	Genea australis
Arthropoda	Insecta	Diptera	Tachinidae	Tachininae	Gnadochaeta	Gnadochaeta oregonensis	1	oregonensis	Gnadochaeta oregonensis
Arthropoda	Insecta	Diptera	Tachinidae	Tachininae	Graphogaster	Graphogaster nuda	1	nuda	Graphogaster nuda
Arthropoda	Insecta	Diptera	Tachinidae	Tachininae	Heraultia	Heraultia albipennis	1	albipennis	Heraultia albipennis
Arthropoda	Insecta	Diptera	Tachinidae	Tachininae	Icelia	Icelia triquetra	1	triquetra	Icelia triquetra
Arthropoda	Insecta	Diptera	Tachinidae	Tachininae	Janthinomyia	Janthinomyia elegans	1	elegans	Janthinomyia elegans
Arthropoda	Insecta	Diptera	Tachinidae	Tachininae	Linnaemya	Linnaemya comta	1	comta	Linnaemya comta
Arthropoda	Insecta	Diptera	Tachinidae	Tachininae	Lypha	Lypha invasor	1	invasor	Lypha invasor
Arthropoda	Insecta	Diptera	Tachinidae	Tachininae	Lypha	Lypha setigena	1	setigena	Lypha setigena
Arthropoda	Insecta	Diptera	Tachinidae	Tachininae	Macromya	Macromya crocata	1	crocata	Macromya crocata
Arthropoda	Insecta	Diptera	Tachinidae	Tachininae	Mactomyia	Mactomyia fracida	1	fracida	Mactomyia fracida
Arthropoda	Insecta	Diptera	Tachinidae	Tachininae	Medinophyto	Medinophyto dilecta	1	dilecta	Medinophyto dilecta
Arthropoda	Insecta	Diptera	Tachinidae	Tachininae	Neaera	Neaera leucoptera	1	leucoptera	Neaera leucoptera
Arthropoda	Insecta	Diptera	Tachinidae	Tachininae	Neomintho	Neomintho celeris	1	celeris	Neomintho celeris
Arthropoda	Insecta	Diptera	Tachinidae	Tachininae	Panzeria	Panzeria truncata	1	truncata	Panzeria truncata
Arthropoda	Insecta	Diptera	Tachinidae	Tachininae	Parthenoleskia	Parthenoleskia parkei	1	parkei	Parthenoleskia parkei
Arthropoda	Insecta	Diptera	Tachinidae	Tachininae	Rhinomyiobia	Rhinomyiobia minuta	1	minuta	Rhinomyiobia minuta
Arthropoda	Insecta	Diptera	Tachinidae	Tachininae	Saundersiops	Saundersiops cruciatus	1	cruciatus	Saundersiops cruciatus
Arthropoda	Insecta	Diptera	Tachinidae	Tachininae	Spathipalpus	Spathipalpus philippii	1	philippii	Spathipalpus philippii
Arthropoda	Insecta	Diptera	Tachinidae	Tachininae	Strongygaster	Strongygaster didyma	1	didyma	Strongygaster didyma
Arthropoda	Insecta	Diptera	Tachinidae	Tachininae	Triarthria	Triarthria setipennis	1	setipennis	Triarthria setipennis
Arthropoda	Insecta	Diptera	Tachinidae	Tachininae	Trichodischia	Trichodischia soror	1	soror	Trichodischia soror
Arthropoda	Insecta	Diptera	Tachinidae	Tachininae	Trochiloleskia	Trochiloleskia flava	1	flava	Trochiloleskia flava
Arthropoda	Insecta	Diptera	Tachinidae	Tachininae	Xanthoepalpus	Xanthoepalpus bicolor	1	bicolor	Xanthoepalpus bicolor
Arthropoda	Insecta	Diptera	Tachinidae	Tachininae	Xanthopelta	Xanthopelta scutellaris	1	scutellaris	Xanthopelta scutellaris
Arthropoda	Insecta	Diptera	Tachinidae	Tachininae	Xanthozona	Xanthozona melanopyga	1	melanopyga	Xanthozona melanopyga
Arthropoda	Insecta	Diptera	Therevidae	Phycusinae	Ataenogera	Ataenogera irwini	1	irwini	Ataenogera irwini
Arthropoda	Insecta	Diptera	Therevidae	Therevinae	Anabarhynchus	Anabarhynchus annulatus	1	annulatus	Anabarhynchus annulatus
Arthropoda	Insecta	Diptera	Therevidae	Therevinae	Anabarhynchus	Anabarhynchus micans	1	micans	Anabarhynchus micans
Arthropoda	Insecta	Diptera	Therevidae	Therevinae	Apenniverpa	Apenniverpa venezuelensis	1	venezuelensis	Apenniverpa venezuelensis
Arthropoda	Insecta	Diptera	Therevidae	Therevinae	Arenigena	Arenigena marcida	2	marcida	Arenigena marcida
Arthropoda	Insecta	Diptera	Therevidae	Therevinae	Brachylinga	Brachylinga baccata	1	baccata	Brachylinga baccata
Arthropoda	Insecta	Diptera	Therevidae	Therevinae	Brachylinga	Brachylinga clausa	1	clausa	Brachylinga clausa
Arthropoda	Insecta	Diptera	Therevidae	Therevinae	Brachylinga	Brachylinga sericeifrons	1	sericeifrons	Brachylinga sericeifrons
Arthropoda	Insecta	Diptera	Therevidae	Therevinae	Breviperna	Breviperna placida	1	placida	Breviperna placida
Arthropoda	Insecta	Diptera	Therevidae	Therevinae	Cerocatus	Cerocatus scutellaris	1	scutellaris	Cerocatus scutellaris
Arthropoda	Insecta	Diptera	Therevidae	Therevinae	Chromolepida	Chromolepida bella	1	bella	Chromolepida bella
Arthropoda	Insecta	Diptera	Therevidae	Therevinae	Chromolepida	Chromolepida mexicana	1	mexicana	Chromolepida mexicana
Arthropoda	Insecta	Diptera	Therevidae	Therevinae	Distostylus	Distostylus irwini	1	irwini	Distostylus irwini
Arthropoda	Insecta	Diptera	Therevidae	Therevinae	Elcaribe	Elcaribe anguilla	1	anguilla	Elcaribe anguilla
Arthropoda	Insecta	Diptera	Therevidae	Therevinae	Elcaribe	Elcaribe guanaensis	1	guanaensis	Elcaribe guanaensis
Arthropoda	Insecta	Diptera	Therevidae	Therevinae	Hoplosathe	Hoplosathe frauenfeldi	1	frauenfeldi	Hoplosathe frauenfeldi
Arthropoda	Insecta	Diptera	Therevidae	Therevinae	Litolinga	Litolinga acuta	1	acuta	Litolinga acuta
Arthropoda	Insecta	Diptera	Therevidae	Therevinae	Litolinga	Litolinga tergisa	1	tergisa	Litolinga tergisa
Arthropoda	Insecta	Diptera	Therevidae	Therevinae	Megathereva	Megathereva albopilosa	1	albopilosa	Megathereva albopilosa
Arthropoda	Insecta	Diptera	Therevidae	Therevinae	Microthereva	Microthereva variventris	1	variventris	Microthereva variventris
Arthropoda	Insecta	Diptera	Therevidae	Therevinae	Nebritus	Nebritus pellucidus	1	pellucidus	Nebritus pellucidus
Arthropoda	Insecta	Diptera	Therevidae	Therevinae	Nebritus	Nebritus tanneri	1	tanneri	Nebritus tanneri
Arthropoda	Insecta	Diptera	Therevidae	Therevinae	Notiothereva	Notiothereva albiventris	1	albiventris	Notiothereva albiventris
Arthropoda	Insecta	Diptera	Therevidae	Therevinae	Ozodiceromya	Ozodiceromya nigrimana	1	nigrimana	Ozodiceromya nigrimana
Arthropoda	Insecta	Diptera	Therevidae	Therevinae	Pallicephala	Pallicephala variegata	1	variegata	Pallicephala variegata
Arthropoda	Insecta	Diptera	Therevidae	Therevinae	Pandivirilia	Pandivirilia melampodia	1	melampodia	Pandivirilia melampodia
Arthropoda	Insecta	Diptera	Therevidae	Therevinae	Penniverpa	Penniverpa megaplax	1	megaplax	Penniverpa megaplax
Arthropoda	Insecta	Diptera	Therevidae	Therevinae	Peralia	Peralia hermanni	1	hermanni	Peralia hermanni
Arthropoda	Insecta	Diptera	Therevidae	Therevinae	Peralia	Peralia vittata	1	vittata	Peralia vittata
Arthropoda	Insecta	Diptera	Therevidae	Therevinae	Psilocephala	Psilocephala argentata	1	argentata	Psilocephala argentata
Arthropoda	Insecta	Diptera	Therevidae	Therevinae	Psilocephala	Psilocephala vicina	1	vicina	Psilocephala vicina
Arthropoda	Insecta	Diptera	Therevidae	Therevinae	Thereva	Thereva cingulata	1	cingulata	Thereva cingulata
Arthropoda	Insecta	Diptera	Therevidae	Therevinae	Thereva	Thereva flavipilosa	1	flavipilosa	Thereva flavipilosa
