Phylum	Class	Order	Family	Subfamily	Genus	Scientific Name	tax_count	Species	BOLD Name	gbif_authorship
Arthropoda	Insecta	Diptera	Acroceridae	Acrocerinae	Ogcodes	Ogcodes dispar	1	dispar	Ogcodes dispar	 (Macquart, 1855)
Arthropoda	Insecta	Diptera	Acroceridae	Acrocerinae	Turbopsebius	Turbopsebius brunnipennis	1	brunnipennis	Turbopsebius brunnipennis	 (Sabrosky, 1948)
Arthropoda	Insecta	Diptera	Acroceridae	Panopinae	Apsona	Apsona muscaria	1	muscaria	Apsona muscaria	Westwood, 1876
Arthropoda	Insecta	Diptera	Acroceridae	Philopotinae	Megalybus	Megalybus pictus	1	pictus	Megalybus pictus	Philippi, 1865
Arthropoda	Insecta	Diptera	Anthomyiidae	Anthomyiinae	Lasiomma	Lasiomma collini	1	collini	Lasiomma collini	 (Ringdahl, 1929)
Arthropoda	Insecta	Diptera	Asilidae	Asilinae	Antipalus	Antipalus varipes	1	varipes	Antipalus varipes	 (Meigen, 1820)
Arthropoda	Insecta	Diptera	Asilidae	Asilinae	Astochia	Astochia jayarami	1	jayarami	Astochia jayarami	Joseph & Parui, 1981
Arthropoda	Insecta	Diptera	Asilidae	Asilinae	Cratopoda	Cratopoda helix	1	helix	Cratopoda helix	 (Bromley, 1935)
Arthropoda	Insecta	Diptera	Asilidae	Asilinae	Eccritosia	Eccritosia barbata	1	barbata	Eccritosia barbata	 (Fabricius, 1787)
Arthropoda	Insecta	Diptera	Asilidae	Asilinae	Efferia	Efferia picea	1	picea	Efferia picea	Scarbrough & Perez-Gelabert, 2009
Arthropoda	Insecta	Diptera	Asilidae	Asilinae	Eicherax	Eicherax ricnotes	1	ricnotes	Eicherax ricnotes	 (Engel, 1930)
Arthropoda	Insecta	Diptera	Asilidae	Asilinae	Filiolus	Filiolus graminicola	1	graminicola	Filiolus graminicola	 (Lehr, 1958)
Arthropoda	Insecta	Diptera	Asilidae	Asilinae	Glaphyropyga	Glaphyropyga dryas	1	dryas	Glaphyropyga dryas	Fisher, 1982
Arthropoda	Insecta	Diptera	Asilidae	Asilinae	Hoplopheromerus	Hoplopheromerus hirtiventris	1	hirtiventris	Hoplopheromerus hirtiventris	Becker, 1925
Arthropoda	Insecta	Diptera	Asilidae	Asilinae	Lochmorhynchus	Lochmorhynchus borrori	1	borrori	Lochmorhynchus borrori	Artigas, 1970
Arthropoda	Insecta	Diptera	Asilidae	Asilinae	Lochyrus	Lochyrus frezieri	1	frezieri	Lochyrus frezieri	Artigas, 1970
Arthropoda	Insecta	Diptera	Asilidae	Asilinae	Lycomya	Lycomya germainii	1	germainii	Lycomya germainii	Bigot, 1857
Arthropoda	Insecta	Diptera	Asilidae	Asilinae	Mallophora	Mallophora orcina	2	orcina	Mallophora orcina	 (Wiedemann, 1828)
Arthropoda	Insecta	Diptera	Asilidae	Asilinae	Mauropteron	Mauropteron pelago	1	pelago	Mauropteron pelago	 (Walker, 1849)
Arthropoda	Insecta	Diptera	Asilidae	Asilinae	Myaptex	Myaptex virilis	1	virilis	Myaptex virilis	Artigas, 1970
Arthropoda	Insecta	Diptera	Asilidae	Asilinae	Negasilus	Negasilus astutus	1	astutus	Negasilus astutus	 (Williston, 1893)
Arthropoda	Insecta	Diptera	Asilidae	Asilinae	Neoaratus	Neoaratus hercules	2	hercules	Neoaratus hercules	 (Wiedemann, 1828)
Arthropoda	Insecta	Diptera	Asilidae	Asilinae	Neolophonotus	Neolophonotus pulcher	1	pulcher	Neolophonotus pulcher	 (Loew, 1858)
Arthropoda	Insecta	Diptera	Asilidae	Asilinae	Neomochtherus	Neomochtherus auricomus	1	auricomus	Neomochtherus auricomus	 (Hine, 1909)
Arthropoda	Insecta	Diptera	Asilidae	Asilinae	Oligoschema	Oligoschema nuda	1	nuda	Oligoschema nuda	Becker, 1925
Arthropoda	Insecta	Diptera	Asilidae	Asilinae	Ommatius	Ommatius dilatipennis	1	dilatipennis	Ommatius dilatipennis	Wulp, 1872
Arthropoda	Insecta	Diptera	Asilidae	Asilinae	Ommatius	Ommatius excurrens	1	excurrens	Ommatius excurrens	Wulp, 1872
Arthropoda	Insecta	Diptera	Asilidae	Asilinae	Ommatius	Ommatius kempi	1	kempi	Ommatius kempi	Joseph & Parui, 1983
Arthropoda	Insecta	Diptera	Asilidae	Asilinae	Ommatius	Ommatius persuasus	1	persuasus	Ommatius persuasus	Oldroyd, 1960
Arthropoda	Insecta	Diptera	Asilidae	Asilinae	Ommatius	Ommatius politus	1	politus	Ommatius politus	Scarbrough & Marascia, 2000
Arthropoda	Insecta	Diptera	Asilidae	Asilinae	Ommatius	Ommatius spinalis	1	spinalis	Ommatius spinalis	Scarbrough & Marascia, 1996
Arthropoda	Insecta	Diptera	Asilidae	Asilinae	Orophotus	Orophotus mandarinus	1	mandarinus	Orophotus mandarinus	 (Bromley, 1928)
Arthropoda	Insecta	Diptera	Asilidae	Asilinae	Paritamus	Paritamus variabilis	1	variabilis	Paritamus variabilis	 (Lehr, 1964)
Arthropoda	Insecta	Diptera	Asilidae	Asilinae	Polacantha	Polacantha composita	1	composita	Polacantha composita	 (Hine, 1918)
Arthropoda	Insecta	Diptera	Asilidae	Asilinae	Proctacanthus	Proctacanthus darlingtoni	1	darlingtoni	Proctacanthus darlingtoni	Curran, 1951
Arthropoda	Insecta	Diptera	Asilidae	Asilinae	Proctacanthus	Proctacanthus dominicana	2	dominicana	Proctacanthus dominicana	Curran, 1951
Arthropoda	Insecta	Diptera	Asilidae	Asilinae	Promachus	Promachus cothurnatus	1	cothurnatus	Promachus cothurnatus	 (Bigot, 1859)
Arthropoda	Insecta	Diptera	Asilidae	Asilinae	Promachus	Promachus fraterculus	1	fraterculus	Promachus fraterculus	 (Walker, 1855)
Arthropoda	Insecta	Diptera	Asilidae	Asilinae	Promachus	Promachus giganteus	1	giganteus	Promachus giganteus	Hine, 1911
Arthropoda	Insecta	Diptera	Asilidae	Asilinae	Promachus	Promachus leoninus	1	leoninus	Promachus leoninus	Loew, 1848
Arthropoda	Insecta	Diptera	Asilidae	Asilinae	Regasilus	Regasilus blantoni	1	blantoni	Regasilus blantoni	Bromley, 1951
Arthropoda	Insecta	Diptera	Asilidae	Asilinae	Scarbroughia	Scarbroughia delicatula	1	delicatula	Scarbroughia delicatula	 (Hine, 1918)
Arthropoda	Insecta	Diptera	Asilidae	Dasypogoninae	Archilestris	Archilestris excellens	1	excellens	Archilestris excellens	Enderlein, 1914
Arthropoda	Insecta	Diptera	Asilidae	Dasypogoninae	Dasypogon	Dasypogon atratus	1	atratus	Dasypogon atratus	 (Fabricius, 1794)
Arthropoda	Insecta	Diptera	Asilidae	Dasypogoninae	Deromyia	Deromyia fuscipennis	1	fuscipennis	Deromyia fuscipennis	 (Blanchard, 1852)
Arthropoda	Insecta	Diptera	Asilidae	Dasypogoninae	Molobratia	Molobratia japonica	1	japonica	Molobratia japonica	 (Bigot, 1878)
Arthropoda	Insecta	Diptera	Asilidae	Dasypogoninae	Neolaparus	Neolaparus banana	2	banana	Neolaparus banana	Curran, 1927
Arthropoda	Insecta	Diptera	Asilidae	Dasypogoninae	Nicocles	Nicocles utahensis	1	utahensis	Nicocles utahensis	Banks, 1920
Arthropoda	Insecta	Diptera	Asilidae	Dasypogoninae	Stenopogon	Stenopogon elizabethae	1	elizabethae	Stenopogon elizabethae	Martin, 1968
Arthropoda	Insecta	Diptera	Asilidae	Laphriinae	Andrenosoma	Andrenosoma formidolosa	1	formidolosa	Andrenosoma formidolosa	 (Walker, 1860)
Arthropoda	Insecta	Diptera	Asilidae	Laphriinae	Andrenosoma	Andrenosoma fulvicaudum	2	fulvicaudum	Andrenosoma fulvicaudum	 (Say, 1823)
Arthropoda	Insecta	Diptera	Asilidae	Laphriinae	Anoplothyrea	Anoplothyrea indiana	1	indiana	Anoplothyrea indiana	Joseph & Parui, 1987
Arthropoda	Insecta	Diptera	Asilidae	Laphriinae	Atomosia	Atomosia anacaona	1	anacaona	Atomosia anacaona	Scarbrough & Perez-Gelabert, 2006
Arthropoda	Insecta	Diptera	Asilidae	Laphriinae	Atomosia	Atomosia ciguaya	1	ciguaya	Atomosia ciguaya	Scarbrough & Perez-Gelabert, 2006
Arthropoda	Insecta	Diptera	Asilidae	Laphriinae	Atomosia	Atomosia jagua	1	jagua	Atomosia jagua	Scarbrough & Perez-Gelabert, 2006
Arthropoda	Insecta	Diptera	Asilidae	Laphriinae	Ctenota	Ctenota molitrix	1	molitrix	Ctenota molitrix	Loew, 1873
Arthropoda	Insecta	Diptera	Asilidae	Laphriinae	Cyanonedys	Cyanonedys leucura	1	leucura	Cyanonedys leucura	Hermann, 1912
Arthropoda	Insecta	Diptera	Asilidae	Laphriinae	Dasyllis	Dasyllis haemorrhoa	1	haemorrhoa	Dasyllis haemorrhoa	 (Wiedemann, 1830)
Arthropoda	Insecta	Diptera	Asilidae	Laphriinae	Lamprozona	Lamprozona auricincta	1	auricincta	Lamprozona auricincta	 (Loew, 1851)
Arthropoda	Insecta	Diptera	Asilidae	Laphriinae	Laphria	Laphria divisor	1	divisor	Laphria divisor	 (Banks, 1917)
Arthropoda	Insecta	Diptera	Asilidae	Laphriinae	Laphria	Laphria flavicollis	1	flavicollis	Laphria flavicollis	Say, 1824
Arthropoda	Insecta	Diptera	Asilidae	Laphriinae	Laphria	Laphria signatipes	1	signatipes	Laphria signatipes	Wulp, 1872
Arthropoda	Insecta	Diptera	Asilidae	Laphriinae	Maira	Maira aurifacies	1	aurifacies	Maira aurifacies	 (Macquart, 1848)
Arthropoda	Insecta	Diptera	Asilidae	Laphriinae	Martinomyia	Martinomyia scalaris	1	scalaris	Martinomyia scalaris	 (Hermann, 1908)
Arthropoda	Insecta	Diptera	Asilidae	Laphriinae	Oidardis	Oidardis aveledoi	1	aveledoi	Oidardis aveledoi	Kaletta, 1978
Arthropoda	Insecta	Diptera	Asilidae	Laphriinae	Pogonosoma	Pogonosoma dorsatum	1	dorsatum	Pogonosoma dorsatum	 (Say, 1824)
Arthropoda	Insecta	Diptera	Asilidae	Laphriinae	Psilocurus	Psilocurus birdi	1	birdi	Psilocurus birdi	Curran, 1931
Arthropoda	Insecta	Diptera	Asilidae	Laphriinae	Smeryngolaphria	Smeryngolaphria maculipennis	1	maculipennis	Smeryngolaphria maculipennis	 (Macquart, 1846)
Arthropoda	Insecta	Diptera	Asilidae	Laphriinae	Storthyngomerus	Storthyngomerus tridentatus	1	tridentatus	Storthyngomerus tridentatus	 (Fabricius, 1805)
Arthropoda	Insecta	Diptera	Asilidae	Laphriinae	Triclioscelis	Triclioscelis perfecta	1	perfecta	Triclioscelis perfecta	Curran, 1934
Arthropoda	Insecta	Diptera	Asilidae	Laphystiinae	Laphystia	Laphystia texensis	1	texensis	Laphystia texensis	Curran, 1931
Arthropoda	Insecta	Diptera	Asilidae	Laphystiinae	Zabrops	Zabrops thologaster	1	thologaster	Zabrops thologaster	Fisher, 1977
Arthropoda	Insecta	Diptera	Asilidae	Leptogastrinae	Apachekolos	Apachekolos volubilis	1	volubilis	Apachekolos volubilis	Scarbrough & Perez-Gelabert, 2005
Arthropoda	Insecta	Diptera	Asilidae	Ommatiinae	Pseudomerodontina	Pseudomerodontina alata	1	alata	Pseudomerodontina alata	Scarbrough & Hill, 2000
Arthropoda	Insecta	Diptera	Asilidae	Phellinae	Phellus	Phellus glaucus	1	glaucus	Phellus glaucus	Walker, 1851
Arthropoda	Insecta	Diptera	Asilidae	Stenopogoninae	Amblyonychus	Amblyonychus trapezoidalis	1	trapezoidalis	Amblyonychus trapezoidalis	 (Bellardi, 1861)
Arthropoda	Insecta	Diptera	Asilidae	Stenopogoninae	Blepharotes	Blepharotes splendidissimus	1	splendidissimus	Blepharotes splendidissimus	 (Wiedemann, 1830)
Arthropoda	Insecta	Diptera	Asilidae	Stenopogoninae	Coleomyia	Coleomyia alticola	1	alticola	Coleomyia alticola	James, 1941
Arthropoda	Insecta	Diptera	Asilidae	Stenopogoninae	Creolestes	Creolestes nigribarbis	1	nigribarbis	Creolestes nigribarbis	 (Philippi, 1865)
Arthropoda	Insecta	Diptera	Asilidae	Stenopogoninae	Holopogon	Holopogon niveoscutum	1	niveoscutum	Holopogon niveoscutum	Hull, 1967
Arthropoda	Insecta	Diptera	Asilidae	Stenopogoninae	Microstylum	Microstylum nigricuada	1	nigricuada	Microstylum nigricuada	 (Wiedemann, 1824)
Arthropoda	Insecta	Diptera	Asilidae	Stenopogoninae	Neodysmachus	Neodysmachus setithoracicus	1	setithoracicus	Neodysmachus setithoracicus	Ricardo, 1925
Arthropoda	Insecta	Diptera	Asilidae	Stenopogoninae	Plesiomma	Plesiomma inflatum	1	inflatum	Plesiomma inflatum	Hull, 1962
Arthropoda	Insecta	Diptera	Asilidae	Tillobromatinae	Hypenetes	Hypenetes digitatus	1	digitatus	Hypenetes digitatus	Artigas, 1970
Arthropoda	Insecta	Diptera	Calliphoridae	Ameniinae	Amenia	Amenia leonina	1	leonina	Amenia leonina	 (Fabricius, 1775)
Arthropoda	Insecta	Diptera	Calliphoridae	Ameniinae	Paramenia	Paramenia semiauriceps	1	semiauriceps	Paramenia semiauriceps	Brauer & Bergenstamm, 1889
Arthropoda	Insecta	Diptera	Calliphoridae	Ameniinae	Platytropesa	Platytropesa auriceps	1	auriceps	Platytropesa auriceps	Macquart, 1851
Arthropoda	Insecta	Diptera	Calliphoridae	Bengaliinae	Bengalia	Bengalia gaillardi	1	gaillardi	Bengalia gaillardi	Sourcouf & Guyon, 1912
Arthropoda	Insecta	Diptera	Calliphoridae	Bengaliinae	Hemigymnochaeta	Hemigymnochaeta unicolor	1	unicolor	Hemigymnochaeta unicolor	 (Bigot, 1888)
Arthropoda	Insecta	Diptera	Calliphoridae	Bengaliinae	Pachychoeromyia	Pachychoeromyia praegrandis	1	praegrandis	Pachychoeromyia praegrandis	 (Austen, 1910)
Arthropoda	Insecta	Diptera	Calliphoridae	Bengaliinae	Tricyclea	Tricyclea fasciata	1	fasciata	Tricyclea fasciata	 (Macquart, 1843)
Arthropoda	Insecta	Diptera	Calliphoridae	Calliphorinae	Bellardia	Bellardia viarum	1	viarum	Bellardia viarum	 (Robineau-Desvoidy, 1830)
Arthropoda	Insecta	Diptera	Calliphoridae	Calliphorinae	Calliphora	Calliphora aldrichia	1	aldrichia	Calliphora aldrichia	 (Shannon, 1923)
Arthropoda	Insecta	Diptera	Calliphoridae	Calliphorinae	Euphumosia	Euphumosia papua	1	papua	Euphumosia papua	 (Guerin-Meneville, 1831)
Arthropoda	Insecta	Diptera	Calliphoridae	Calliphorinae	Ochromelinda	Ochromelinda thoracica	1	thoracica	Ochromelinda thoracica	 (Villeneuve, 1934)
Arthropoda	Insecta	Diptera	Calliphoridae	Calliphorinae	Onesiomima	Onesiomima pamirica	1	pamirica	Onesiomima pamirica	Rohdendorf, 1962
Arthropoda	Insecta	Diptera	Calliphoridae	Calliphorinae	Pericallimyia	Pericallimyia perlata	1	perlata	Pericallimyia perlata	 (Walker, 1861)
Arthropoda	Insecta	Diptera	Calliphoridae	Calliphorinae	Phumosia	Phumosia abdominalis	1	abdominalis	Phumosia abdominalis	Robineau-Desvoidy, 1830
Arthropoda	Insecta	Diptera	Calliphoridae	Calliphorinae	Phumosia	Phumosia indica	1	indica	Phumosia indica	 (Surcouf, 1914)
Arthropoda	Insecta	Diptera	Calliphoridae	Calliphorinae	Pollenia	Pollenia flava	1	flava	Pollenia flava	 (Aldrich, 1930)
Arthropoda	Insecta	Diptera	Calliphoridae	Calliphorinae	Ptilonesia	Ptilonesia auronotata	1	auronotata	Ptilonesia auronotata	 (Macquart, 1855)
Arthropoda	Insecta	Diptera	Calliphoridae	Calliphorinae	Tainanina	Tainanina pilisquama	1	pilisquama	Tainanina pilisquama	 (Senior-White, 1925)
Arthropoda	Insecta	Diptera	Calliphoridae	Calliphorinae	Xenocalliphora	Xenocalliphora hortona	1	hortona	Xenocalliphora hortona	 (Walker, 1849)
Arthropoda	Insecta	Diptera	Calliphoridae	Chrysomyinae	Chrysomya	Chrysomya inclinata	1	inclinata	Chrysomya inclinata	Walker, 1861
Arthropoda	Insecta	Diptera	Calliphoridae	Chrysomyinae	Paralucilia	Paralucilia adespota	1	adespota	Paralucilia adespota	Dear, 1985
Arthropoda	Insecta	Diptera	Calliphoridae	Luciliinae	Dyscritomyia	Dyscritomyia lucilioides	1	lucilioides	Dyscritomyia lucilioides	 (Grimshaw, 1901)
Arthropoda	Insecta	Diptera	Calliphoridae	Luciliinae	Hypopygiopsis	Hypopygiopsis tumrasvini	1	tumrasvini	Hypopygiopsis tumrasvini	Kurahashi, 1977
Arthropoda	Insecta	Diptera	Calliphoridae	Melanomyinae	Melanomya	Melanomya nana	1	nana	Melanomya nana	 (Meigen, 1826)
Arthropoda	Insecta	Diptera	Calliphoridae	Melanomyinae	Melinda	Melinda cognata	1	cognata	Melinda cognata	 (Meigen, 1830)
Arthropoda	Insecta	Diptera	Calliphoridae	Melanomyinae	Melinda	Melinda pusilla	1	pusilla	Melinda pusilla	 (Villeneuve, 1927)
Arthropoda	Insecta	Diptera	Calliphoridae	Mesembrinellinae	Eumesembrinella	Eumesembrinella randa	1	randa	Eumesembrinella randa	Walker, 1849
Arthropoda	Insecta	Diptera	Calliphoridae	Mesembrinellinae	Mesembrinella	Mesembrinella batesi	1	batesi	Mesembrinella batesi	Aldrich, 1922
Arthropoda	Insecta	Diptera	Calliphoridae	Polleniinae	Morinia	Morinia doronici	1	doronici	Morinia doronici	 (Scopoli, 1763)
Arthropoda	Insecta	Diptera	Conopidae	Conopinae	Australoconops	Australoconops splendidus	1	splendidus	Australoconops splendidus	 (Krober, 1916)
Arthropoda	Insecta	Diptera	Conopidae	Conopinae	Leopoldius	Leopoldius coronatus	1	coronatus	Leopoldius coronatus	 (Rondani, 1857)
Arthropoda	Insecta	Diptera	Conopidae	Conopinae	Tropidomyia	Tropidomyia bimaculata	1	bimaculata	Tropidomyia bimaculata	Williston, 1888
Arthropoda	Insecta	Diptera	Conopidae	Myopinae	Melanosoma	Melanosoma bicolor	1	bicolor	Melanosoma bicolor	 (Meigen, 1824)
Arthropoda	Insecta	Diptera	Muscidae	Azeliinae	Passeromyia	Passeromyia heterochaeta	1	heterochaeta	Passeromyia heterochaeta	 (Villeneuve, 1915)
Arthropoda	Insecta	Diptera	Muscidae	Azeliinae	Potamia	Potamia scabra	1	scabra	Potamia scabra	 (Giglio-Tos, 1893)
Arthropoda	Insecta	Diptera	Muscidae	Azeliinae	Rhinomusca	Rhinomusca dutoiti	1	dutoiti	Rhinomusca dutoiti	Zumpt, 1950
Arthropoda	Insecta	Diptera	Muscidae	Coenosiinae	Tetramerinx	Tetramerinx unica	1	unica	Tetramerinx unica	 (Stein, 1898)
Arthropoda	Insecta	Diptera	Muscidae	Cyrtoneurininae	Pseudoptilolepis	Pseudoptilolepis fulvapoda	1	fulvapoda	Pseudoptilolepis fulvapoda	Snyder, 1949
Arthropoda	Insecta	Diptera	Muscidae	Muscinae	Eudasyphora	Eudasyphora cyanella	1	cyanella	Eudasyphora cyanella	 (Meigen, 1826)
Arthropoda	Insecta	Diptera	Muscidae	Muscinae	Eudasyphora	Eudasyphora cyanicolor	1	cyanicolor	Eudasyphora cyanicolor	 (Zetterstedt, 1845)
Arthropoda	Insecta	Diptera	Muscidae	Mydaeinae	Gymnodia	Gymnodia nigrogrisea	1	nigrogrisea	Gymnodia nigrogrisea	 (Karl, 1939)
Arthropoda	Insecta	Diptera	Muscidae	Phaoniinae	Helina	Helina violescens	1	violescens	Helina violescens	Dodge, 1967
Arthropoda	Insecta	Diptera	Muscidae	Phaoniinae	Prohardyia	Prohardyia carinata	1	carinata	Prohardyia carinata	 (Stein, 1910)
Arthropoda	Insecta	Diptera	Oestridae	Cuterebrinae	Cuterebra	Cuterebra austeni	1	austeni	Cuterebra austeni	Sabrosky, 1986
Arthropoda	Insecta	Diptera	Oestridae	Oestrinae	Cephenemyia	Cephenemyia phobifer	1	phobifer	Cephenemyia phobifer	 (Clark, 1815)
Arthropoda	Insecta	Diptera	Rhagionidae	Chrysopilinae	Chrysopilus	Chrysopilus thoracicus	1	thoracicus	Chrysopilus thoracicus	 (Fabricius, 1805)
Arthropoda	Insecta	Diptera	Rhagionidae	Rhagioninae	Rhagio	Rhagio vertebratus	1	vertebratus	Rhagio vertebratus	 (Say, 1823)
Arthropoda	Insecta	Diptera	Rhagionidae	Spaniinae	Symphoromyia	Symphoromyia crassicornis	1	crassicornis	Symphoromyia crassicornis	 (Panzer, 1806)
Arthropoda	Insecta	Diptera	Rhiniidae	Rhiniinae	Isomyia	Isomyia dotata	1	dotata	Isomyia dotata	 (Walker, 1856)
Arthropoda	Insecta	Diptera	Rhiniidae	Rhiniinae	Rhyncomya	Rhyncomya seguyi	1	seguyi	Rhyncomya seguyi	 (Grunin, 1957)
Arthropoda	Insecta	Diptera	Rhiniidae	Rhiniinae	Thoracites	Thoracites abdominalis	1	abdominalis	Thoracites abdominalis	 (Fabricius, 1805)
Arthropoda	Insecta	Diptera	Sarcophagidae	Miltogramminae	Apodacra	Apodacra ctenoscelis	1	ctenoscelis	Apodacra ctenoscelis	Rohdendorf, 1925
Arthropoda	Insecta	Diptera	Sarcophagidae	Miltogramminae	Craticulina	Craticulina tabaniformis	1	tabaniformis	Craticulina tabaniformis	 (Fabricius, 1805)
Arthropoda	Insecta	Diptera	Sarcophagidae	Miltogramminae	Dolichotachina	Dolichotachina marginella	1	marginella	Dolichotachina marginella	 (Wiedemann, 1830)
Arthropoda	Insecta	Diptera	Sarcophagidae	Miltogramminae	Euphyto	Euphyto nomiivora	1	nomiivora	Euphyto nomiivora	James, 1955
Arthropoda	Insecta	Diptera	Sarcophagidae	Miltogramminae	Mesomelena	Mesomelena mesomelaena	1	mesomelaena	Mesomelena mesomelaena	 (Loew, 1848)
Arthropoda	Insecta	Diptera	Sarcophagidae	Miltogramminae	Metopia	Metopia polita	1	polita	Metopia polita	 (Townsend, 1935)
Arthropoda	Insecta	Diptera	Sarcophagidae	Miltogramminae	Miltogramma	Miltogramma angustifrons	1	angustifrons	Miltogramma angustifrons	 (Townsend, 1933)
Arthropoda	Insecta	Diptera	Sarcophagidae	Miltogramminae	Oebalia	Oebalia aristalis	1	aristalis	Oebalia aristalis	 (Coquillett, 1897)
Arthropoda	Insecta	Diptera	Sarcophagidae	Miltogramminae	Phylloteles	Phylloteles rohdendorfi	1	rohdendorfi	Phylloteles rohdendorfi	Verves, 1979
Arthropoda	Insecta	Diptera	Sarcophagidae	Miltogramminae	Sphenometopa	Sphenometopa tergata	1	tergata	Sphenometopa tergata	 (Coquillett, 1895)
Arthropoda	Insecta	Diptera	Sarcophagidae	Miltogramminae	Taxigramma	Taxigramma heteroneura	1	heteroneura	Taxigramma heteroneura	 (Meigen, 1830)
Arthropoda	Insecta	Diptera	Sarcophagidae	Paramacronychiinae	Goniophyto	Goniophyto honshuensis	1	honshuensis	Goniophyto honshuensis	Rohdendorf, 1962
Arthropoda	Insecta	Diptera	Sarcophagidae	Paramacronychiinae	Nyctia	Nyctia halterata	1	halterata	Nyctia halterata	 (Panzer, 1798)
Arthropoda	Insecta	Diptera	Sarcophagidae	Paramacronychiinae	Toxonagria	Toxonagria montanensis	1	montanensis	Toxonagria montanensis	 (Parker, 1919)
Arthropoda	Insecta	Diptera	Sarcophagidae	Sarcophaginae	Blaesoxipha	Blaesoxipha quaesita	1	quaesita	Blaesoxipha quaesita	Verves, 1985
Arthropoda	Insecta	Diptera	Sarcophagidae	Sarcophaginae	Boettcheria	Boettcheria cimbicis	1	cimbicis	Boettcheria cimbicis	 (Townsend, 1892)
Arthropoda	Insecta	Diptera	Sarcophagidae	Sarcophaginae	Chrysagria	Chrysagria andina	1	andina	Chrysagria andina	Lopes & Achoy, 1986
Arthropoda	Insecta	Diptera	Sarcophagidae	Sarcophaginae	Dexosarcophaga	Dexosarcophaga jubilator	1	jubilator	Dexosarcophaga jubilator	 (Dodge, 1968)
Arthropoda	Insecta	Diptera	Sarcophagidae	Sarcophaginae	Engelimyia	Engelimyia inops	1	inops	Engelimyia inops	 (Walker, 1849)
Arthropoda	Insecta	Diptera	Sarcophagidae	Sarcophaginae	Fletcherimyia	Fletcherimyia oreophilae	1	oreophilae	Fletcherimyia oreophilae	Dahlem & Naczi, 2006
Arthropoda	Insecta	Diptera	Sarcophagidae	Sarcophaginae	Lepidodexia	Lepidodexia rufitibia	1	rufitibia	Lepidodexia rufitibia	 (Wulp, 1895)
Arthropoda	Insecta	Diptera	Sarcophagidae	Sarcophaginae	Rafaelia	Rafaelia ampulla	1	ampulla	Rafaelia ampulla	 (Aldrich, 1916)
Arthropoda	Insecta	Diptera	Sarcophagidae	Sarcophaginae	Spirobolomyia	Spirobolomyia ohioensis	1	ohioensis	Spirobolomyia ohioensis	 (Hall, 1927)
Arthropoda	Insecta	Diptera	Sarcophagidae	Sarcophaginae	Tripanurga	Tripanurga importuna	1	importuna	Tripanurga importuna	 (Walker, 1849)
Arthropoda	Insecta	Diptera	Scathophagidae	Scathophaginae	Allomyella	Allomyella frigida	1	frigida	Allomyella frigida	 (Holmgren, 1883)
Arthropoda	Insecta	Diptera	Scathophagidae	Scathophaginae	Cleigastra	Cleigastra apicalis	1	apicalis	Cleigastra apicalis	 (Meigen, 1826)
Arthropoda	Insecta	Diptera	Scathophagidae	Scathophaginae	Pleurochaetella	Pleurochaetella simplicipes	1	simplicipes	Pleurochaetella simplicipes	 (Becker, 1900)
Arthropoda	Insecta	Diptera	Scathophagidae	Scathophaginae	Trichopalpus	Trichopalpus nigribasis	1	nigribasis	Trichopalpus nigribasis	 (Curran, 1927)
Arthropoda	Insecta	Diptera	Sciomyzidae	Sciomyzinae	Colobaea	Colobaea punctata	1	punctata	Colobaea punctata	 (Lundbeck, 1923)
Arthropoda	Insecta	Diptera	Sciomyzidae	Sciomyzinae	Dictyacium	Dictyacium firmum	1	firmum	Dictyacium firmum	Steyskal, 1956
Arthropoda	Insecta	Diptera	Stratiomyidae	Beridinae	Actina	Actina viridis	1	viridis	Actina viridis	 (Say, 1824)
Arthropoda	Insecta	Diptera	Stratiomyidae	Beridinae	Allognosta	Allognosta albifascia	1	albifascia	Allognosta albifascia	Frey, 1960
Arthropoda	Insecta	Diptera	Stratiomyidae	Beridinae	Anexaireta	Anexaireta hyacinthina	1	hyacinthina	Anexaireta hyacinthina	 (Bigot, 1879)
Arthropoda	Insecta	Diptera	Stratiomyidae	Beridinae	Archistratiomys	Archistratiomys rufipalpis	1	rufipalpis	Archistratiomys rufipalpis	 (Wiedemann, 1830)
Arthropoda	Insecta	Diptera	Stratiomyidae	Beridinae	Benhamyia	Benhamyia straznitzkii	1	straznitzkii	Benhamyia straznitzkii	 (Nowicki, 1875)
Arthropoda	Insecta	Diptera	Stratiomyidae	Beridinae	Beridops	Beridops nigripes	1	nigripes	Beridops nigripes	James, 1973
Arthropoda	Insecta	Diptera	Stratiomyidae	Beridinae	Eumecacis	Eumecacis clavigera	1	clavigera	Eumecacis clavigera	Enderlein, 1921
Arthropoda	Insecta	Diptera	Stratiomyidae	Beridinae	Exaireta	Exaireta siliacea	1	siliacea	Exaireta siliacea	 (White, 1916)
Arthropoda	Insecta	Diptera	Stratiomyidae	Beridinae	Hadrestia	Hadrestia aenea	1	aenea	Hadrestia aenea	Thomson, 1869
Arthropoda	Insecta	Diptera	Stratiomyidae	Beridinae	Macromeracis	Macromeracis philippii	1	philippii	Macromeracis philippii	 (Rondani, 1863)
Arthropoda	Insecta	Diptera	Stratiomyidae	Beridinae	Microhadrestia	Microhadrestia minuta	1	minuta	Microhadrestia minuta	Lindner, 1943
Arthropoda	Insecta	Diptera	Stratiomyidae	Beridinae	Neactina	Neactina ostensackeni	1	ostensackeni	Neactina ostensackeni	 (Lindner, 1958)
Arthropoda	Insecta	Diptera	Stratiomyidae	Beridinae	Neoberis	Neoberis brasiliana	1	brasiliana	Neoberis brasiliana	Lindner, 1949
Arthropoda	Insecta	Diptera	Stratiomyidae	Beridinae	Oplachantha	Oplachantha subcrassicalx	1	subcrassicalx	Oplachantha subcrassicalx	Enderlein, 1921
Arthropoda	Insecta	Diptera	Stratiomyidae	Chiromyzinae	Hylorops	Hylorops philippii	1	philippii	Hylorops philippii	Enderlein, 1921
Arthropoda	Insecta	Diptera	Stratiomyidae	Chiromyzinae	Inopus	Inopus rubriceps	1	rubriceps	Inopus rubriceps	 (Macquart, 1847)
Arthropoda	Insecta	Diptera	Stratiomyidae	Chiromyzinae	Mapuchemyia	Mapuchemyia krausei	1	krausei	Mapuchemyia krausei	 (Philippi, 1865)
Arthropoda	Insecta	Diptera	Stratiomyidae	Chiromyzinae	Nonacris	Nonacris chilensis	1	chilensis	Nonacris chilensis	Lindner, 1943
Arthropoda	Insecta	Diptera	Stratiomyidae	Chiromyzinae	Tana	Tana paulseni	1	paulseni	Tana paulseni	 (Philippi, 1865)
Arthropoda	Insecta	Diptera	Stratiomyidae	Chrysochlorininae	Chromatopoda	Chromatopoda annulipes	1	annulipes	Chromatopoda annulipes	 (Walker, 1849)
Arthropoda	Insecta	Diptera	Stratiomyidae	Chrysochlorininae	Chrysochlorina	Chrysochlorina currani	1	currani	Chrysochlorina currani	Iide, 1966
Arthropoda	Insecta	Diptera	Stratiomyidae	Clitellariinae	Abasanistus	Abasanistus aureopictus	1	aureopictus	Abasanistus aureopictus	James, 1973
Arthropoda	Insecta	Diptera	Stratiomyidae	Clitellariinae	Acropeltates	Acropeltates kerteszi	1	kerteszi	Acropeltates kerteszi	Szilady, 1929
Arthropoda	Insecta	Diptera	Stratiomyidae	Clitellariinae	Adoxomyia	Adoxomyia cinerascens	1	cinerascens	Adoxomyia cinerascens	 (Loew, 1873)
Arthropoda	Insecta	Diptera	Stratiomyidae	Clitellariinae	Campeprosopa	Campeprosopa longispina	1	longispina	Campeprosopa longispina	 (Brunetti, 1913)
Arthropoda	Insecta	Diptera	Stratiomyidae	Clitellariinae	Clitellaria	Clitellaria orientalis	1	orientalis	Clitellaria orientalis	 (Lindner, 1951)
Arthropoda	Insecta	Diptera	Stratiomyidae	Clitellariinae	Cyphomyia	Cyphomyia albomaculata	1	albomaculata	Cyphomyia albomaculata	 (Macquart, 1834)
Arthropoda	Insecta	Diptera	Stratiomyidae	Clitellariinae	Dieuryneura	Dieuryneura stigma	1	stigma	Dieuryneura stigma	 (Giglio-Tos, 1891)
Arthropoda	Insecta	Diptera	Stratiomyidae	Clitellariinae	Ditylometopa	Ditylometopa elegans	1	elegans	Ditylometopa elegans	Kertesz, 1923
Arthropoda	Insecta	Diptera	Stratiomyidae	Clitellariinae	Eudmeta	Eudmeta marginata	1	marginata	Eudmeta marginata	 (Fabricius, 1805)
Arthropoda	Insecta	Diptera	Stratiomyidae	Clitellariinae	Euryneura	Euryneura peruana	1	peruana	Euryneura peruana	Kertesz, 1908
Arthropoda	Insecta	Diptera	Stratiomyidae	Clitellariinae	Labocerina	Labocerina atrata	1	atrata	Labocerina atrata	 (Fabricius, 1805)
Arthropoda	Insecta	Diptera	Stratiomyidae	Clitellariinae	Nigritomyia	Nigritomyia maculipennis	1	maculipennis	Nigritomyia maculipennis	 (Macquart, 1850)
Arthropoda	Insecta	Diptera	Stratiomyidae	Clitellariinae	Pycnomalla	Pycnomalla splendens	1	splendens	Pycnomalla splendens	 (Fabricius, 1787)
Arthropoda	Insecta	Diptera	Stratiomyidae	Clitellariinae	Quichuamyia	Quichuamyia aplanatantennae	1	aplanatantennae	Quichuamyia aplanatantennae	Brammer, 2005
Arthropoda	Insecta	Diptera	Stratiomyidae	Clitellariinae	Ruba	Ruba cincta	1	cincta	Ruba cincta	Brunetti, 1923
Arthropoda	Insecta	Diptera	Stratiomyidae	Hermetiinae	Chaetohermetia	Chaetohermetia apicalis	1	apicalis	Chaetohermetia apicalis	Lindner, 1929
Arthropoda	Insecta	Diptera	Stratiomyidae	Hermetiinae	Hermetia	Hermetia coarctata	1	coarctata	Hermetia coarctata	Macquart, 1846
Arthropoda	Insecta	Diptera	Stratiomyidae	Nemotelinae	Lasiopa	Lasiopa rhodesiensis	1	rhodesiensis	Lasiopa rhodesiensis	 (Lindner, 1952)
Arthropoda	Insecta	Diptera	Stratiomyidae	Nemotelinae	Nemotelus	Nemotelus acutirostris	1	acutirostris	Nemotelus acutirostris	Loew, 1863
Arthropoda	Insecta	Diptera	Stratiomyidae	Nemotelinae	Pselaphomyia	Pselaphomyia nigripennis	1	nigripennis	Pselaphomyia nigripennis	 (Bigot, 1887)
Arthropoda	Insecta	Diptera	Stratiomyidae	Pachygastrinae	Acanthinomyia	Acanthinomyia elongata	1	elongata	Acanthinomyia elongata	 (Wiedemann, 1824)
Arthropoda	Insecta	Diptera	Stratiomyidae	Pachygastrinae	Ageiton	Ageiton ater	1	ater	Ageiton ater	Kertesz, 1914
Arthropoda	Insecta	Diptera	Stratiomyidae	Pachygastrinae	Argyrobrithes	Argyrobrithes albopilosus	1	albopilosus	Argyrobrithes albopilosus	 (Meijere, 1907)
Arthropoda	Insecta	Diptera	Stratiomyidae	Pachygastrinae	Goetghebueromyia	Goetghebueromyia paradoxa	1	paradoxa	Goetghebueromyia paradoxa	Lindner, 1938
Arthropoda	Insecta	Diptera	Stratiomyidae	Pachygastrinae	Ptilocera	Ptilocera continua	1	continua	Ptilocera continua	Walker, 1851
Arthropoda	Insecta	Diptera	Stratiomyidae	Pachygastrinae	Rosapha	Rosapha variegata	1	variegata	Rosapha variegata	Meijere, 1919
Arthropoda	Insecta	Diptera	Stratiomyidae	Pachygastrinae	Saldubella	Saldubella signatipennis	1	signatipennis	Saldubella signatipennis	Wulp, 1898
Arthropoda	Insecta	Diptera	Stratiomyidae	Pachygastrinae	Stratiosphecomyia	Stratiosphecomyia variegata	1	variegata	Stratiosphecomyia variegata	Brunetti, 1913
Arthropoda	Insecta	Diptera	Stratiomyidae	Rhaphiocerinae	Cyclophleps	Cyclophleps tenebrifera	1	tenebrifera	Cyclophleps tenebrifera	James, 1943
Arthropoda	Insecta	Diptera	Stratiomyidae	Rhaphiocerinae	Heptozus	Heptozus hansoni	1	hansoni	Heptozus hansoni	James, 1966
Arthropoda	Insecta	Diptera	Stratiomyidae	Rhaphiocerinae	Phanerozus	Phanerozus pampinus	1	pampinus	Phanerozus pampinus	 (Osten Sacken, 1886)
Arthropoda	Insecta	Diptera	Stratiomyidae	Sarginae	Acrochaeta	Acrochaeta mexicana	1	mexicana	Acrochaeta mexicana	Lindner, 1949
Arthropoda	Insecta	Diptera	Stratiomyidae	Sarginae	Cephalochrysa	Cephalochrysa nigricornis	1	nigricornis	Cephalochrysa nigricornis	 (Loew, 1866)
Arthropoda	Insecta	Diptera	Stratiomyidae	Sarginae	Chloromyia	Chloromyia formosa	1	formosa	Chloromyia formosa	 (Scopoli, 1763)
Arthropoda	Insecta	Diptera	Stratiomyidae	Sarginae	Gongrosargus	Gongrosargus maculipennis	1	maculipennis	Gongrosargus maculipennis	 (Lindner, 1936)
Arthropoda	Insecta	Diptera	Stratiomyidae	Sarginae	Himantigera	Himantigera nigrifemorata	1	nigrifemorata	Himantigera nigrifemorata	 (Macquart, 1847)
Arthropoda	Insecta	Diptera	Stratiomyidae	Sarginae	Merosargus	Merosargus caeruleifrons	1	caeruleifrons	Merosargus caeruleifrons	 (Johnson, 1900)
Arthropoda	Insecta	Diptera	Stratiomyidae	Sarginae	Microchrysa	Microchrysa flaviventris	1	flaviventris	Microchrysa flaviventris	 (Wiedemann, 1824)
Arthropoda	Insecta	Diptera	Stratiomyidae	Sarginae	Ptecticus	Ptecticus aurifer	1	aurifer	Ptecticus aurifer	Walker, 1854
Arthropoda	Insecta	Diptera	Stratiomyidae	Sarginae	Sagaricera	Sagaricera analis	1	analis	Sagaricera analis	Macquart, 1838
Arthropoda	Insecta	Diptera	Stratiomyidae	Sarginae	Sargus	Sargus cuprarius	1	cuprarius	Sargus cuprarius	 (Linnaeus, 1758)
Arthropoda	Insecta	Diptera	Stratiomyidae	Stratiomyinae	Acanthasargus	Acanthasargus roseus	1	roseus	Acanthasargus roseus	James, 1950
Arthropoda	Insecta	Diptera	Stratiomyidae	Stratiomyinae	Anoplodonta	Anoplodonta nigrirostris	1	nigrirostris	Anoplodonta nigrirostris	 (Loew, 1866)
Arthropoda	Insecta	Diptera	Stratiomyidae	Stratiomyinae	Caloparyphus	Caloparyphus tetraspilus	1	tetraspilus	Caloparyphus tetraspilus	 (Loew, 1866)
Arthropoda	Insecta	Diptera	Stratiomyidae	Stratiomyinae	Euparyphus	Euparyphus monensis	1	monensis	Euparyphus monensis	James, 1973
Arthropoda	Insecta	Diptera	Stratiomyidae	Stratiomyinae	Hedriodiscus	Hedriodiscus chloraspis	1	chloraspis	Hedriodiscus chloraspis	 (Wiedemann, 1830)
Arthropoda	Insecta	Diptera	Stratiomyidae	Stratiomyinae	Hermionella	Hermionella seguyi	1	seguyi	Hermionella seguyi	Pleske, 1925
Arthropoda	Insecta	Diptera	Stratiomyidae	Stratiomyinae	Hoplistopsis	Hoplistopsis geminata	1	geminata	Hoplistopsis geminata	James, 1950
Arthropoda	Insecta	Diptera	Stratiomyidae	Stratiomyinae	Hoplitimyia	Hoplitimyia constans	1	constans	Hoplitimyia constans	 (Loew, 1872)
Arthropoda	Insecta	Diptera	Stratiomyidae	Stratiomyinae	Myxosargus	Myxosargus knowltoni	1	knowltoni	Myxosargus knowltoni	Curran, 1929
Arthropoda	Insecta	Diptera	Stratiomyidae	Stratiomyinae	Nothomyia	Nothomyia intensica	1	intensica	Nothomyia intensica	 (Curran, 1928)
Arthropoda	Insecta	Diptera	Stratiomyidae	Stratiomyinae	Odontomyia	Odontomyia guizhouensis	1	guizhouensis	Odontomyia guizhouensis	Yang, 1995
Arthropoda	Insecta	Diptera	Stratiomyidae	Stratiomyinae	Oplodontha	Oplodontha viridula	1	viridula	Oplodontha viridula	 (Fabricius, 1775)
Arthropoda	Insecta	Diptera	Stratiomyidae	Stratiomyinae	Oxycera	Oxycera albovittata	1	albovittata	Oxycera albovittata	Malloch, 1917
Arthropoda	Insecta	Diptera	Stratiomyidae	Stratiomyinae	Panamamyia	Panamamyia silbergliedi	1	silbergliedi	Panamamyia silbergliedi	Woodley, 2008
Arthropoda	Insecta	Diptera	Stratiomyidae	Stratiomyinae	Promeranisa	Promeranisa nasuta	1	nasuta	Promeranisa nasuta	 (Macquart, 1850)
Arthropoda	Insecta	Diptera	Stratiomyidae	Stratiomyinae	Psellidotus	Psellidotus hieroglyphicus	1	hieroglyphicus	Psellidotus hieroglyphicus	 (Olivier, 1811)
Arthropoda	Insecta	Diptera	Stratiomyidae	Stratiomyinae	Raphiocera	Raphiocera ornata	1	ornata	Raphiocera ornata	 (Macquart, 1846)
Arthropoda	Insecta	Diptera	Stratiomyidae	Stratiomyinae	Rhaphiocerina	Rhaphiocerina hakiensis	1	hakiensis	Rhaphiocerina hakiensis	Matsumura, 1916
Arthropoda	Insecta	Diptera	Stratiomyidae	Stratiomyinae	Stratiomys	Stratiomys maculosa	1	maculosa	Stratiomys maculosa	 (Loew, 1866)
Arthropoda	Insecta	Diptera	Stratiomyidae	Stratiomyinae	Vitilevumyia	Vitilevumyia bobwoodleyi	1	bobwoodleyi	Vitilevumyia bobwoodleyi	
Arthropoda	Insecta	Diptera	Stratiomyidae	Stratiomyinae	Zuerchermyia	Zuerchermyia bequaerti	1	bequaerti	Zuerchermyia bequaerti	 (Curran, 1932)
Arthropoda	Insecta	Diptera	Tachinidae	Dexiinae	Actinoplagia	Actinoplagia koehleri	1	koehleri	Actinoplagia koehleri	Blanchard, 1940
Arthropoda	Insecta	Diptera	Tachinidae	Dexiinae	Amphibolia	Amphibolia vidua	1	vidua	Amphibolia vidua	 (Guerin-Meneville, 1843)
Arthropoda	Insecta	Diptera	Tachinidae	Dexiinae	Ateloglossa	Ateloglossa marginalis	1	marginalis	Ateloglossa marginalis	Curran, 1924
Arthropoda	Insecta	Diptera	Tachinidae	Dexiinae	Chetogaster	Chetogaster violacea	1	violacea	Chetogaster violacea	Macquart, 1851
Arthropoda	Insecta	Diptera	Tachinidae	Dexiinae	Euantha	Euantha aucta	1	aucta	Euantha aucta	 (Wiedemann, 1830)
Arthropoda	Insecta	Diptera	Tachinidae	Dexiinae	Goniochaeta	Goniochaeta plagioides	1	plagioides	Goniochaeta plagioides	Townsend, 1891
Arthropoda	Insecta	Diptera	Tachinidae	Dexiinae	Oestrophasia	Oestrophasia signiferum	1	signiferum	Oestrophasia signiferum	Wulp, 1890
Arthropoda	Insecta	Diptera	Tachinidae	Dexiinae	Opsotheresia	Opsotheresia bigelowi	1	bigelowi	Opsotheresia bigelowi	 (Curran, 1926)
Arthropoda	Insecta	Diptera	Tachinidae	Dexiinae	Phaeodema	Phaeodema mystacina	1	mystacina	Phaeodema mystacina	Aldrich, 1934
Arthropoda	Insecta	Diptera	Tachinidae	Dexiinae	Phasiops	Phasiops flavus	1	flavus	Phasiops flavus	Coquillett, 1899
Arthropoda	Insecta	Diptera	Tachinidae	Dexiinae	Prodiaphania	Prodiaphania georgei	1	georgei	Prodiaphania georgei	Malloch, 1929
Arthropoda	Insecta	Diptera	Tachinidae	Dexiinae	Ptilodexia	Ptilodexia anthracina	1	anthracina	Ptilodexia anthracina	 (Bigot, 1889)
Arthropoda	Insecta	Diptera	Tachinidae	Dexiinae	Rutilia	Rutilia splendida	1	splendida	Rutilia splendida	 (Donovan, 1805)
Arthropoda	Insecta	Diptera	Tachinidae	Dexiinae	Senostoma	Senostoma setiventre	1	setiventre	Senostoma setiventre	 (Malloch, 1930)
Arthropoda	Insecta	Diptera	Tachinidae	Dexiinae	Thelairodes	Thelairodes paradoxicus	1	paradoxicus	Thelairodes paradoxicus	 (Townsend, 1917)
Arthropoda	Insecta	Diptera	Tachinidae	Dexiinae	Torocca	Torocca fasciata	1	fasciata	Torocca fasciata	 (Townsend, 1919)
Arthropoda	Insecta	Diptera	Tachinidae	Exoristinae	Acantholespesia	Acantholespesia comstocki	1	comstocki	Acantholespesia comstocki	 (Williston, 1889)
Arthropoda	Insecta	Diptera	Tachinidae	Exoristinae	Argyrophylax	Argyrophylax albincisa	1	albincisa	Argyrophylax albincisa	 (Wiedemann, 1830)
Arthropoda	Insecta	Diptera	Tachinidae	Exoristinae	Atacta	Atacta brasiliensis	1	brasiliensis	Atacta brasiliensis	Schiner, 1868
Arthropoda	Insecta	Diptera	Tachinidae	Exoristinae	Carcelia	Carcelia languida	2	languida	Carcelia languida	 (Walker, 1858)
Arthropoda	Insecta	Diptera	Tachinidae	Exoristinae	Celatoria	Celatoria diabroticae	1	diabroticae	Celatoria diabroticae	 (Shimer, 1871)
Arthropoda	Insecta	Diptera	Tachinidae	Exoristinae	Chaetexorista	Chaetexorista javana	1	javana	Chaetexorista javana	Brauer & Bergenstamm, 1894
Arthropoda	Insecta	Diptera	Tachinidae	Exoristinae	Chaetocnephalia	Chaetocnephalia americana	1	americana	Chaetocnephalia americana	 (Schiner, 1868)
Arthropoda	Insecta	Diptera	Tachinidae	Exoristinae	Chaetogaedia	Chaetogaedia analis	1	analis	Chaetogaedia analis	 (Wulp, 1867)
Arthropoda	Insecta	Diptera	Tachinidae	Exoristinae	Chaetonodexodes	Chaetonodexodes vanderwulpi	1	vanderwulpi	Chaetonodexodes vanderwulpi	 (Townsend, 1892)
Arthropoda	Insecta	Diptera	Tachinidae	Exoristinae	Chetogena	Chetogena janitrix	1	janitrix	Chetogena janitrix	 (Hartig, 1837)
Arthropoda	Insecta	Diptera	Tachinidae	Exoristinae	Clastoneura	Clastoneura brevicornis	1	brevicornis	Clastoneura brevicornis	Aldrich, 1934
Arthropoda	Insecta	Diptera	Tachinidae	Exoristinae	Distichona	Distichona kansensis	1	kansensis	Distichona kansensis	 (Townsend, 1892)
Arthropoda	Insecta	Diptera	Tachinidae	Exoristinae	Drino	Drino atropivora	1	atropivora	Drino atropivora	 (Robineau-Desvoidy, 1830)
Arthropoda	Insecta	Diptera	Tachinidae	Exoristinae	Erynniopsis	Erynniopsis antennata	1	antennata	Erynniopsis antennata	 (Rondani, 1861)
Arthropoda	Insecta	Diptera	Tachinidae	Exoristinae	Eulobomyia	Eulobomyia neotropica	1	neotropica	Eulobomyia neotropica	 (Woodley & Arnaud, 2008)
Arthropoda	Insecta	Diptera	Tachinidae	Exoristinae	Eurysthaea	Eurysthaea scutellaris	1	scutellaris	Eurysthaea scutellaris	 (Robineau-Desvoidy, 1849)
Arthropoda	Insecta	Diptera	Tachinidae	Exoristinae	Gaediopsis	Gaediopsis lugubris	1	lugubris	Gaediopsis lugubris	 (Wulp, 1890)
Arthropoda	Insecta	Diptera	Tachinidae	Exoristinae	Gueriniopsis	Gueriniopsis setipes	1	setipes	Gueriniopsis setipes	 (Coquillett, 1902)
Arthropoda	Insecta	Diptera	Tachinidae	Exoristinae	Houghia	Houghia setinervis	1	setinervis	Houghia setinervis	 (Coquillett, 1898)
Arthropoda	Insecta	Diptera	Tachinidae	Exoristinae	Hyphantrophaga	Hyphantrophaga scolex	1	scolex	Hyphantrophaga scolex	 (Reinhard, 1953)
Arthropoda	Insecta	Diptera	Tachinidae	Exoristinae	Hyphantrophaga	Hyphantrophaga virilis	1	virilis	Hyphantrophaga virilis	 (Aldrich & Webber, 1924)
Arthropoda	Insecta	Diptera	Tachinidae	Exoristinae	Ligeria	Ligeria angusticornis	1	angusticornis	Ligeria angusticornis	 (Loew, 1847)
Arthropoda	Insecta	Diptera	Tachinidae	Exoristinae	Opsomeigenia	Opsomeigenia xylota	1	xylota	Opsomeigenia xylota	 (Curran, 1927)
Arthropoda	Insecta	Diptera	Tachinidae	Exoristinae	Oxynops	Oxynops anthracinus	1	anthracinus	Oxynops anthracinus	 (Bigot, 1889)
Arthropoda	Insecta	Diptera	Tachinidae	Exoristinae	Paratryphera	Paratryphera barbatula	1	barbatula	Paratryphera barbatula	 (Rondani, 1859)
Arthropoda	Insecta	Diptera	Tachinidae	Exoristinae	Phebellia	Phebellia erecta	1	erecta	Phebellia erecta	 (Sellers, 1943)
Arthropoda	Insecta	Diptera	Tachinidae	Exoristinae	Phorocerosoma	Phorocerosoma postulans	1	postulans	Phorocerosoma postulans	 (Walker, 1861)
Arthropoda	Insecta	Diptera	Tachinidae	Exoristinae	Phyllophilopsis	Phyllophilopsis nitens	1	nitens	Phyllophilopsis nitens	 (Coquillett, 1899)
Arthropoda	Insecta	Diptera	Tachinidae	Exoristinae	Prospherysa	Prospherysa pulverea	1	pulverea	Prospherysa pulverea	 (Coquillett, 1897)
Arthropoda	Insecta	Diptera	Tachinidae	Exoristinae	Pseudochaeta	Pseudochaeta perdecora	1	perdecora	Pseudochaeta perdecora	Reinhard, 1946
Arthropoda	Insecta	Diptera	Tachinidae	Exoristinae	Smidtia	Smidtia fumiferanae	1	fumiferanae	Smidtia fumiferanae	 (Tothill, 1912)
Arthropoda	Insecta	Diptera	Tachinidae	Exoristinae	Thecocarcelia	Thecocarcelia oculata	1	oculata	Thecocarcelia oculata	 (Baranov, 1935)
Arthropoda	Insecta	Diptera	Tachinidae	Exoristinae	Zaira	Zaira sordicolor	1	sordicolor	Zaira sordicolor	 (Townsend, 1891)
Arthropoda	Insecta	Diptera	Tachinidae	Goniinae	Pseudoperichaeta	Pseudoperichaeta nigrolineata	1	nigrolineata	Pseudoperichaeta nigrolineata	 (Walker, 1853)
Arthropoda	Insecta	Diptera	Tachinidae	Phasiinae	Besseria	Besseria atra	1	atra	Besseria atra	 (Coquillett, 1897)
Arthropoda	Insecta	Diptera	Tachinidae	Phasiinae	Catharosia	Catharosia alutacea	1	alutacea	Catharosia alutacea	 (Emden, 1945)
Arthropoda	Insecta	Diptera	Tachinidae	Phasiinae	Cylindromyia	Cylindromyia signatipennis	1	signatipennis	Cylindromyia signatipennis	 (Wulp, 1892)
Arthropoda	Insecta	Diptera	Tachinidae	Phasiinae	Hemyda	Hemyda aurata	1	aurata	Hemyda aurata	Robineau-Desvoidy, 1830
Arthropoda	Insecta	Diptera	Tachinidae	Phasiinae	Opesia	Opesia atrata	1	atrata	Opesia atrata	 (Coquillett, 1895)
Arthropoda	Insecta	Diptera	Tachinidae	Phasiinae	Penthosia	Penthosia satanica	1	satanica	Penthosia satanica	 (Bigot, 1889)
Arthropoda	Insecta	Diptera	Tachinidae	Phasiinae	Phasia	Phasia chilensis	1	chilensis	Phasia chilensis	 (Macquart, 1851)
Arthropoda	Insecta	Diptera	Tachinidae	Tachininae	Aphria	Aphria longilingua	1	longilingua	Aphria longilingua	Rondani, 1861
Arthropoda	Insecta	Diptera	Tachinidae	Tachininae	Aulacephala	Aulacephala maculithorax	1	maculithorax	Aulacephala maculithorax	Macquart, 1851
Arthropoda	Insecta	Diptera	Tachinidae	Tachininae	Bithia	Bithia modesta	1	modesta	Bithia modesta	 (Meigen, 1824)
Arthropoda	Insecta	Diptera	Tachinidae	Tachininae	Borgmeiermyia	Borgmeiermyia rozeni	1	rozeni	Borgmeiermyia rozeni	Arnaud, 1963
Arthropoda	Insecta	Diptera	Tachinidae	Tachininae	Bothrophora	Bothrophora lupina	1	lupina	Bothrophora lupina	 (Swederus, 1787)
Arthropoda	Insecta	Diptera	Tachinidae	Tachininae	Crocinosoma	Crocinosoma cornuale	1	cornuale	Crocinosoma cornuale	Reinhard, 1947
Arthropoda	Insecta	Diptera	Tachinidae	Tachininae	Cryptopalpus	Cryptopalpus ornatus	1	ornatus	Cryptopalpus ornatus	 (Macquart, 1843)
Arthropoda	Insecta	Diptera	Tachinidae	Tachininae	Dejeania	Dejeania bombylans	1	bombylans	Dejeania bombylans	 (Fabricius, 1798)
Arthropoda	Insecta	Diptera	Tachinidae	Tachininae	Dichocera	Dichocera dichoceroides	1	dichoceroides	Dichocera dichoceroides	 (Arnaud, 1963)
Arthropoda	Insecta	Diptera	Tachinidae	Tachininae	Fischeria	Fischeria bicolor	1	bicolor	Fischeria bicolor	Robineau-Desvoidy, 1830
Arthropoda	Insecta	Diptera	Tachinidae	Tachininae	Genea	Genea australis	1	australis	Genea australis	Townsend, 1929
Arthropoda	Insecta	Diptera	Tachinidae	Tachininae	Gnadochaeta	Gnadochaeta oregonensis	1	oregonensis	Gnadochaeta oregonensis	 (Townsend, 1915)
Arthropoda	Insecta	Diptera	Tachinidae	Tachininae	Graphogaster	Graphogaster nuda	1	nuda	Graphogaster nuda	 (Brooks, 1942)
Arthropoda	Insecta	Diptera	Tachinidae	Tachininae	Heraultia	Heraultia albipennis	1	albipennis	Heraultia albipennis	Villeneuve, 1920
Arthropoda	Insecta	Diptera	Tachinidae	Tachininae	Icelia	Icelia triquetra	1	triquetra	Icelia triquetra	 (Olivier, 1812)
Arthropoda	Insecta	Diptera	Tachinidae	Tachininae	Janthinomyia	Janthinomyia elegans	1	elegans	Janthinomyia elegans	 (Matsumura, 1905)
Arthropoda	Insecta	Diptera	Tachinidae	Tachininae	Linnaemya	Linnaemya comta	1	comta	Linnaemya comta	 (Fallen, 1810)
Arthropoda	Insecta	Diptera	Tachinidae	Tachininae	Lypha	Lypha invasor	1	invasor	Lypha invasor	 (Reinhard, 1962)
Arthropoda	Insecta	Diptera	Tachinidae	Tachininae	Lypha	Lypha setigena	1	setigena	Lypha setigena	 (Coquillett, 1897)
Arthropoda	Insecta	Diptera	Tachinidae	Tachininae	Macromya	Macromya crocata	1	crocata	Macromya crocata	Reinhard, 1968
Arthropoda	Insecta	Diptera	Tachinidae	Tachininae	Mactomyia	Mactomyia fracida	1	fracida	Mactomyia fracida	Reinhard, 1958
Arthropoda	Insecta	Diptera	Tachinidae	Tachininae	Medinophyto	Medinophyto dilecta	1	dilecta	Medinophyto dilecta	 (Wiedemann, 1830)
Arthropoda	Insecta	Diptera	Tachinidae	Tachininae	Neaera	Neaera leucoptera	1	leucoptera	Neaera leucoptera	 (Johnson, 1907)
Arthropoda	Insecta	Diptera	Tachinidae	Tachininae	Neomintho	Neomintho celeris	1	celeris	Neomintho celeris	 (Townsend, 1919)
Arthropoda	Insecta	Diptera	Tachinidae	Tachininae	Panzeria	Panzeria truncata	1	truncata	Panzeria truncata	 (Zetterstedt, 1838)
Arthropoda	Insecta	Diptera	Tachinidae	Tachininae	Saundersiops	Saundersiops cruciatus	1	cruciatus	Saundersiops cruciatus	Townsend, 1914
Arthropoda	Insecta	Diptera	Tachinidae	Tachininae	Spathipalpus	Spathipalpus philippii	1	philippii	Spathipalpus philippii	Rondani, 1863
Arthropoda	Insecta	Diptera	Tachinidae	Tachininae	Strongygaster	Strongygaster didyma	1	didyma	Strongygaster didyma	 (Loew, 1863)
Arthropoda	Insecta	Diptera	Tachinidae	Tachininae	Triarthria	Triarthria setipennis	1	setipennis	Triarthria setipennis	 (Fallen, 1810)
Arthropoda	Insecta	Diptera	Tachinidae	Tachininae	Trichodischia	Trichodischia soror	1	soror	Trichodischia soror	Bigot, 1885
Arthropoda	Insecta	Diptera	Tachinidae	Tachininae	Trochiloleskia	Trochiloleskia flava	1	flava	Trochiloleskia flava	Townsend, 1917
Arthropoda	Insecta	Diptera	Tachinidae	Tachininae	Xanthoepalpus	Xanthoepalpus bicolor	1	bicolor	Xanthoepalpus bicolor	 (Williston, 1886)
Arthropoda	Insecta	Diptera	Tachinidae	Tachininae	Xanthopelta	Xanthopelta scutellaris	1	scutellaris	Xanthopelta scutellaris	Aldrich, 1934
Arthropoda	Insecta	Diptera	Tachinidae	Tachininae	Xanthozona	Xanthozona melanopyga	1	melanopyga	Xanthozona melanopyga	 (Wiedemann, 1830)
Arthropoda	Insecta	Diptera	Therevidae	Phycusinae	Ataenogera	Ataenogera irwini	1	irwini	Ataenogera irwini	Hauser & Webb, 2007
Arthropoda	Insecta	Diptera	Therevidae	Therevinae	Anabarhynchus	Anabarhynchus annulatus	1	annulatus	Anabarhynchus annulatus	Lyneborg, 2001
Arthropoda	Insecta	Diptera	Therevidae	Therevinae	Anabarhynchus	Anabarhynchus micans	1	micans	Anabarhynchus micans	 (Hutton, 1901)
Arthropoda	Insecta	Diptera	Therevidae	Therevinae	Apenniverpa	Apenniverpa venezuelensis	1	venezuelensis	Apenniverpa venezuelensis	Webb, 2005
Arthropoda	Insecta	Diptera	Therevidae	Therevinae	Arenigena	Arenigena marcida	2	marcida	Arenigena marcida	 (Coquillett, 1893)
Arthropoda	Insecta	Diptera	Therevidae	Therevinae	Brachylinga	Brachylinga baccata	1	baccata	Brachylinga baccata	 (Coquillett, 1893)
Arthropoda	Insecta	Diptera	Therevidae	Therevinae	Brachylinga	Brachylinga clausa	1	clausa	Brachylinga clausa	 (Kroeber, 1929)
Arthropoda	Insecta	Diptera	Therevidae	Therevinae	Brachylinga	Brachylinga sericeifrons	1	sericeifrons	Brachylinga sericeifrons	 (Krober, 1928)
Arthropoda	Insecta	Diptera	Therevidae	Therevinae	Breviperna	Breviperna placida	1	placida	Breviperna placida	 (Coquillett, 1894)
Arthropoda	Insecta	Diptera	Therevidae	Therevinae	Chromolepida	Chromolepida bella	1	bella	Chromolepida bella	Cole, 1923
Arthropoda	Insecta	Diptera	Therevidae	Therevinae	Chromolepida	Chromolepida mexicana	1	mexicana	Chromolepida mexicana	Cole, 1923
Arthropoda	Insecta	Diptera	Therevidae	Therevinae	Distostylus	Distostylus irwini	1	irwini	Distostylus irwini	Webb, 2003
Arthropoda	Insecta	Diptera	Therevidae	Therevinae	Elcaribe	Elcaribe anguilla	1	anguilla	Elcaribe anguilla	Webb, 2006
Arthropoda	Insecta	Diptera	Therevidae	Therevinae	Elcaribe	Elcaribe guanaensis	1	guanaensis	Elcaribe guanaensis	Webb, 2006
Arthropoda	Insecta	Diptera	Therevidae	Therevinae	Hoplosathe	Hoplosathe frauenfeldi	1	frauenfeldi	Hoplosathe frauenfeldi	 (Loew, 1856)
Arthropoda	Insecta	Diptera	Therevidae	Therevinae	Litolinga	Litolinga acuta	1	acuta	Litolinga acuta	 (Adams, 1903)
Arthropoda	Insecta	Diptera	Therevidae	Therevinae	Litolinga	Litolinga tergisa	1	tergisa	Litolinga tergisa	 (Say, 1823)
Arthropoda	Insecta	Diptera	Therevidae	Therevinae	Megathereva	Megathereva albopilosa	1	albopilosa	Megathereva albopilosa	Lyneborg, 1992
Arthropoda	Insecta	Diptera	Therevidae	Therevinae	Microthereva	Microthereva variventris	1	variventris	Microthereva variventris	Malloch, 1932
Arthropoda	Insecta	Diptera	Therevidae	Therevinae	Nebritus	Nebritus pellucidus	1	pellucidus	Nebritus pellucidus	Coquillett, 1894
Arthropoda	Insecta	Diptera	Therevidae	Therevinae	Nebritus	Nebritus tanneri	1	tanneri	Nebritus tanneri	 (Hardy, 1938)
Arthropoda	Insecta	Diptera	Therevidae	Therevinae	Notiothereva	Notiothereva albiventris	1	albiventris	Notiothereva albiventris	 (Philippi, 1865)
Arthropoda	Insecta	Diptera	Therevidae	Therevinae	Ozodiceromya	Ozodiceromya nigrimana	1	nigrimana	Ozodiceromya nigrimana	 (Krober, 1912)
Arthropoda	Insecta	Diptera	Therevidae	Therevinae	Pallicephala	Pallicephala variegata	1	variegata	Pallicephala variegata	 (Loew, 1870)
Arthropoda	Insecta	Diptera	Therevidae	Therevinae	Pandivirilia	Pandivirilia melampodia	1	melampodia	Pandivirilia melampodia	 (Loew, 1869)
Arthropoda	Insecta	Diptera	Therevidae	Therevinae	Penniverpa	Penniverpa megaplax	1	megaplax	Penniverpa megaplax	Webb, 2008
Arthropoda	Insecta	Diptera	Therevidae	Therevinae	Peralia	Peralia hermanni	1	hermanni	Peralia hermanni	 (Krober, 1911)
Arthropoda	Insecta	Diptera	Therevidae	Therevinae	Peralia	Peralia vittata	1	vittata	Peralia vittata	 (Philippi, 1865)
Arthropoda	Insecta	Diptera	Therevidae	Therevinae	Psilocephala	Psilocephala argentata	1	argentata	Psilocephala argentata	 (Bellardi, 1861)
Arthropoda	Insecta	Diptera	Therevidae	Therevinae	Psilocephala	Psilocephala vicina	1	vicina	Psilocephala vicina	 (Walker, 1848)
Arthropoda	Insecta	Diptera	Therevidae	Therevinae	Thereva	Thereva cingulata	1	cingulata	Thereva cingulata	Krober, 1912
Arthropoda	Insecta	Diptera	Therevidae	Therevinae	Thereva	Thereva flavipilosa	1	flavipilosa	Thereva flavipilosa	Cole, 1923
